tx_id,user_id,merchant_id,amount,timestamp,is_fraud
716fda0a-45a8-4829-94e2-86e5ac8936bc,U1059,M110,388.31,2026-07-05 03:08:04.641170,0
9b69554d-7c54-435f-ac8c-3b6aa974d079,U1000,M108,429.91,2026-06-14 14:12:04.641170,0
372f871a-45ee-432d-aa07-f2137129cec7,U1033,M117,129.07,2026-06-15 22:45:04.641170,0
585d3f86-1d23-44e6-8329-20b7c143f426,U1028,M100,70.24,2026-06-24 07:27:04.641170,0
ad9fb00d-4882-473c-9c63-45ab6e0ed1e8,U1060,M118,165.27,2026-06-15 22:29:04.641170,0
86e52753-7c93-46cc-97d7-a560adb14670,U1067,M101,67.75,2026-06-27 03:58:04.641170,0
3873e57f-0ba0-48e8-8ef4-92c1aac93316,U1134,M103,374.1,2026-06-29 16:21:04.641170,0
0e0630cd-996d-4c50-bc04-a168652ffb49,U1114,M111,259.05,2026-06-12 23:16:04.641170,0
f200c261-4d29-41ab-b455-12f701f7c7ec,U1115,M116,114.67,2026-06-09 23:31:04.641170,0
c3a00c6f-2321-41e1-8471-04c036136e15,U1186,M116,154.31,2026-06-09 10:11:04.641170,0
1eb74b56-53ff-43a2-8a19-35014169b9fc,U1015,M115,424.41,2026-06-27 09:46:04.641170,0
6e3f683a-bf3c-4140-bf54-a51101fa964e,U1175,M103,247.68,2026-06-28 04:39:04.641170,0
88575117-6155-4667-a112-507c2cfa55b0,U1018,M102,164.45,2026-06-14 18:11:04.641170,0
8f0881ee-8011-416b-bae8-8926b423ccde,U1016,M104,141.13,2026-07-04 15:32:04.641170,0
5aaab32f-ce63-42b6-ab05-347fd556b37d,U1140,M110,193.55,2026-07-05 04:40:04.641170,0
bdf66ba5-dc9c-46de-a5a6-74c212738a23,U1135,M109,229.59,2026-07-05 13:27:04.641170,0
75b27455-04cc-4ede-afac-16730ad45230,U1110,M103,397.58,2026-06-13 05:08:04.641170,0
5024bdc6-dcb3-4df3-93ee-cdc6ebd14d2c,U1167,M117,361.82,2026-06-17 19:01:04.641170,0
67884209-92ca-425a-ade5-93329364f3d0,U1110,M114,444.61,2026-06-26 20:09:04.641170,0
4a1dab32-6aed-4dc7-a3e0-5309b5a1b949,U1086,M114,202.37,2026-06-12 08:01:04.641170,0
f758dce2-0556-4aea-a7b0-32831d7c0098,U1080,M113,159.7,2026-06-19 14:34:04.641170,0
f296d9f0-cd23-42c2-abff-e17b532401fc,U1095,M104,344.98,2026-06-29 14:11:04.641170,0
b08a4895-d4ff-4666-b5c8-e90d9e3d750d,U1017,M102,416.73,2026-06-12 05:59:04.641170,0
6fcc57dd-168f-4e12-9ca2-60c9eb7607c9,U1110,M103,373.57,2026-06-24 23:11:04.641170,0
6f887f28-3e49-4d09-9b19-d8b8d8302081,U1033,M117,34.69,2026-07-03 13:34:04.641170,0
1422373f-8622-48d1-a683-e10796c044d0,U1143,M110,336.66,2026-06-26 16:52:04.641170,0
beed10b6-4f6e-474b-9eda-b0276550f74a,U1090,M113,434.71,2026-06-10 08:21:04.641170,0
c77444cb-5543-4c3c-b8b8-f24e56ea57b3,U1073,M119,159.66,2026-06-12 17:19:04.641170,0
a21b0307-82af-485c-938d-994c2b0abedd,U1147,M116,110.31,2026-06-29 22:50:04.641170,0
31a3ac4d-828c-47e7-87d5-b7be1d30d990,U1057,M103,178.31,2026-07-03 07:45:04.641170,0
59e1ac09-5970-4859-86b6-e4ade7ea8d5a,U1094,M103,382.49,2026-07-04 03:14:04.641170,0
a53bc024-d1a6-4d87-b54e-2019ba35844e,U1057,M113,423.35,2026-07-03 08:16:04.641170,0
1a5165ca-3c7c-4d85-a5cf-0041d0a643fe,U1006,M119,464.9,2026-06-20 04:17:04.641170,0
2c6a6e9a-3280-47a1-8187-222b257d5e52,U1007,M105,140.27,2026-06-22 01:39:04.641170,0
c257cf73-c29d-482b-a722-796e9a36d1ec,U1086,M111,8.02,2026-06-14 12:38:04.641170,0
f387e1bd-2d59-42c6-934a-5a2fa7cf705c,U1144,M112,39.44,2026-06-09 09:39:04.641170,0
76c5a0dc-7e7e-4419-a0c1-4035c5d95f51,U1023,M116,111.49,2026-06-27 02:44:04.641170,0
9458054e-c287-4f06-9050-f7efc1235c91,U1116,M110,82.92,2026-06-22 04:33:04.641170,0
e1cde87f-ec95-4f87-ae5e-c36572eb7474,U1184,M110,389.53,2026-07-03 20:07:04.641170,0
fc8d5b93-a2a2-491f-a49b-1cd99082889b,U1152,M102,442.25,2026-06-15 02:06:04.641170,0
f891b0c3-dd3f-487e-92bd-c6619fe0a8c7,U1040,M119,29.63,2026-06-11 17:16:04.641170,0
70944bdb-26a5-44e3-90ee-7a92a09151e0,U1069,M114,332.66,2026-06-30 02:38:04.641170,0
a1a27485-7134-4c2a-b80b-3657117b355b,U1155,M114,210.02,2026-06-17 19:37:04.641170,0
97674900-4651-4367-8bdc-43184d85a3d2,U1193,M116,61.34,2026-06-27 13:44:04.641170,0
12fe28bf-81e0-4489-9a18-e2a30e614bcd,U1028,M109,340.72,2026-07-05 00:01:04.641170,0
09a0a0f6-73b0-4091-b634-c1694f76e388,U1124,M116,335.23,2026-06-10 01:46:04.641170,0
497de16d-d4ea-420a-9e65-96540e9058b6,U1056,M112,492.3,2026-06-10 12:00:04.641170,0
fa34d2e8-dd3f-4d7e-a508-dc9513a4a492,U1001,M106,154.2,2026-06-17 14:53:04.641170,0
98159d6c-9d71-4084-971d-abf9daf481a7,U1196,M104,383.26,2026-06-21 04:19:04.641170,0
949077c2-7674-456f-a26d-719d81cf3252,U1083,M103,8.83,2026-06-27 14:33:04.641170,0
bd29ede9-cab4-423b-b448-83858de7ad6c,U1044,M104,193.2,2026-06-18 11:30:04.641170,0
e8b77f7b-7321-4f6b-8a80-76ece5582e16,U1128,M117,417.51,2026-06-24 03:00:04.641170,0
30307633-a6de-41d8-9258-17b7cf501889,U1018,M112,431.57,2026-06-09 22:22:04.641170,0
80599b93-79c2-42e4-9ae1-a991524f93ff,U1111,M100,232.58,2026-06-11 13:12:04.641170,0
73557b9d-0fd6-447e-b52d-4af2269ed4c9,U1080,M118,217.5,2026-06-26 09:54:04.641170,0
d65e59dd-e62d-4d06-8f9b-85581a7f195b,U1181,M113,148.31,2026-06-26 10:34:04.641170,0
15969802-b6dd-4257-bb7d-9f1c57eb89b1,U1005,M110,90.08,2026-06-28 22:42:04.641170,0
0a0537f0-2c2c-422b-a568-95c6812a1f9b,U1176,M111,48.62,2026-06-12 19:47:04.641170,0
fdb1429e-7010-4d13-b526-b22d3f6c21f7,U1062,M113,296.49,2026-07-01 20:28:04.641170,0
9c1c3517-85d2-40a6-8629-5b5d707df251,U1020,M112,435.91,2026-06-23 11:00:04.641170,0
eafde7d9-5f73-4a3e-9d28-6aa428a39779,U1056,M110,390.66,2026-06-11 11:35:04.641170,0
c6435300-68a5-4c68-a32d-bb5e486bb6bf,U1130,M103,267.65,2026-06-16 19:57:04.641170,0
0d67d38e-990f-4c5b-adcc-3daf569f3ab3,U1198,M111,178.79,2026-06-14 17:29:04.641170,0
55ab946d-a5b5-4dc2-a181-c85eca0ac6ac,U1060,M103,77.49,2026-06-16 23:38:04.641170,0
8ed6ad5e-1831-4aa3-9466-9d1910df9974,U1044,M119,80.67,2026-06-11 10:28:04.641170,0
4082cbb9-48bd-4b3e-a2f5-df2badaa44ca,U1045,M115,234.66,2026-07-03 15:54:04.641170,0
f6e39356-a814-4562-9a00-3f16b9469bcf,U1194,M118,227.21,2026-07-03 16:44:04.641170,0
267eddce-df8f-4197-9a4a-99b2e806133c,U1164,M119,164.99,2026-06-22 09:28:04.641170,0
a9e27ba9-952e-4abb-94dd-5061555736f8,U1038,M114,38.8,2026-06-28 03:10:04.641170,0
4f6b58c8-598d-4aec-aaaf-e5432434a678,U1161,M109,399.18,2026-07-04 22:09:04.641170,0
a981b098-b2cf-452d-a7f3-33b3f7baf55e,U1014,M111,256.13,2026-06-22 03:12:04.641170,0
b576255e-9854-4f22-a102-f9c964575bc4,U1118,M114,23.62,2026-06-24 18:55:04.641170,0
8f158449-4f40-422f-95b0-2530f020e992,U1073,M102,324.11,2026-06-12 02:47:04.641170,0
54170a17-caaa-4bbe-a4bb-f962606e0e1c,U1157,M119,256.0,2026-06-29 01:34:04.641170,0
b3ecb951-ab8c-4f97-a0b7-1785d02ce0c1,U1148,M117,477.34,2026-06-09 20:58:04.641170,0
ff4625af-bd20-463b-b275-b5f3d436a7a8,U1115,M118,327.66,2026-06-22 15:21:04.641170,0
17ec889c-86c1-46cb-a996-30f7af77520e,U1154,M115,253.18,2026-06-10 19:44:04.641170,0
822c4d32-6c64-4c15-aba3-01cba561e1e9,U1115,M103,406.43,2026-06-23 15:17:04.641170,0
4f11d8dc-5cd3-4369-84aa-c1b75ca0c428,U1182,M102,254.75,2026-06-15 20:38:04.641170,0
577bc55a-36d5-4494-b37f-d50d2e25b5ee,U1010,M107,355.27,2026-06-28 00:07:04.641170,0
31274148-7c7c-404e-8422-d03ef29a6339,U1134,M116,306.85,2026-06-24 13:38:04.641170,0
27aa7cbc-2337-4bbc-bffe-77c839feb99c,U1095,M109,196.77,2026-06-23 09:45:04.641170,0
c9c23e69-d82c-4565-8bb9-07ec13c11754,U1173,M119,30.92,2026-06-23 05:41:04.641170,0
8a2e6a93-c558-4bb2-81f7-f3fb19e45c6a,U1016,M110,51.78,2026-06-25 14:23:04.641170,0
86cac6f4-e238-4e93-bd17-c5e8d5ca69ab,U1072,M108,363.25,2026-07-05 10:28:04.641170,0
e05b46c5-5636-4094-a974-31db09a9d1c1,U1038,M110,45.34,2026-06-14 10:38:04.641170,0
98e52499-218c-4e1c-9e37-4f7ac42cbc39,U1089,M109,484.01,2026-06-25 20:17:04.641170,0
2e4bebc4-2989-4880-a77d-1be96070b6a1,U1033,M119,355.87,2026-06-11 20:42:04.641170,0
9feefdff-c566-4a81-b15e-54f6d4d30795,U1079,M117,191.46,2026-06-22 22:57:04.641170,0
b89f72f3-2a60-4652-a714-7668cf1d7d3a,U1032,M116,51.26,2026-06-27 06:38:04.641170,0
5d42b9e9-692e-47b6-8b2f-6d5c700b5d5f,U1130,M111,14.02,2026-06-22 01:31:04.641170,0
f836f571-3cce-476c-b836-c448ad261ec5,U1046,M106,174.16,2026-06-30 03:18:04.641170,0
c09cb506-48f1-496d-9c4f-fb4671b701aa,U1049,M107,499.99,2026-06-15 01:24:04.641170,0
3be79df4-72ec-416e-88a7-23e9bfa016c2,U1019,M109,422.99,2026-06-12 14:38:04.641170,0
f7315749-4f39-49a8-bd3a-258288b4f474,U1129,M117,418.38,2026-07-01 23:16:04.641170,0
e76adca9-7811-4802-88cc-7cfecf01f944,U1009,M110,438.81,2026-06-13 23:18:04.641170,0
ada58417-5e2a-432d-b1ab-0b56d5c9fdc7,U1152,M112,81.36,2026-06-16 05:41:04.641170,0
70cafdd8-fc04-4f08-9207-0158f2771f63,U1177,M119,405.48,2026-06-15 12:58:04.641170,0
c7332304-4822-4120-84f9-eccd7630a8a7,U1184,M114,26.63,2026-06-24 14:04:04.641170,0
6b2d5b09-8707-4ad4-80be-7e3561c2645a,U1173,M107,484.95,2026-06-20 23:23:04.641170,0
331f63fb-d11f-48c0-a97c-a4fff75d599f,U1192,M114,120.83,2026-06-18 21:24:04.641170,0
df7d0dd7-236e-4608-9acb-394acd1f5318,U1079,M115,452.47,2026-06-16 20:05:04.641170,0
7b07fd31-a424-4f23-8d5b-a7cd400035f0,U1094,M118,492.3,2026-06-29 00:26:04.641170,0
ef2ddcc4-8df6-41da-9f07-c1a5dfc620ce,U1196,M109,390.17,2026-06-30 21:28:04.641170,0
8412a335-d88c-456d-b61e-5fdb1a435206,U1135,M113,483.3,2026-06-17 02:17:04.641170,0
1578d709-48f9-43d0-9fea-e1e0d9e604b3,U1154,M104,437.14,2026-06-10 09:09:04.641170,0
73069588-45d5-468d-a90a-3abbc35b9fea,U1164,M115,437.69,2026-07-03 05:52:04.641170,0
d4bf7a4b-25b8-442f-836b-15c7e7c225da,U1026,M116,426.33,2026-06-20 23:31:04.641170,0
e916da57-f248-43ab-977a-8a5f6ffe33b3,U1021,M105,140.03,2026-07-01 08:53:04.641170,0
e27718c5-737d-4fb6-9113-76e038d77b9a,U1037,M113,50.4,2026-06-18 02:41:04.641170,0
6a36af18-06d3-4b93-ae33-688d597e6845,U1115,M111,465.58,2026-06-26 21:20:04.641170,0
5fbbf0b1-8083-49c8-a57e-01c90da23e5c,U1013,M112,253.49,2026-06-18 17:41:04.641170,0
14e4180c-fe99-46a3-a2db-c8503c5bf3a7,U1098,M102,190.58,2026-06-09 06:57:04.641170,0
519554e3-0737-4c86-b97b-5f515ffa46ef,U1081,M103,420.39,2026-06-23 06:23:04.641170,0
b6f6dbf1-d6d4-41cc-995d-82f8ee4a9b5d,U1037,M104,23.96,2026-06-29 12:12:04.641170,0
25637cc3-ca97-4bf5-95d5-96afa663d2cd,U1178,M104,380.63,2026-06-29 08:33:04.641170,0
eada79a3-4970-4d9a-89ce-3cfb2339ba19,U1114,M119,7.6,2026-06-11 14:42:04.641170,0
d4c3a832-b231-460b-b8f2-ce6bd46b415d,U1004,M108,111.75,2026-06-14 19:28:04.641170,0
781799ff-b49e-44cc-8243-69e72387eaf6,U1140,M119,266.25,2026-06-13 01:36:04.641170,0
e7e646c7-0158-4463-9d87-76a072d78bdd,U1198,M109,122.63,2026-06-13 13:15:04.641170,0
3735262d-4184-4b03-84dd-7054144823f7,U1012,M107,212.81,2026-06-28 19:27:04.641170,0
f0b2a5d1-8c7e-4f42-a646-eaf9d5c0244d,U1016,M103,419.16,2026-06-30 18:06:04.641170,0
6c5a6c93-871c-4884-9bdf-90f2ba2c0f19,U1152,M117,13.14,2026-07-01 11:05:04.641170,0
3cd5fd7f-49c1-4669-86b3-3fe61c76bdf6,U1147,M107,360.68,2026-06-21 06:18:04.641170,0
3d0a5f0c-0c39-4ec7-9f31-74054d183eba,U1109,M100,309.33,2026-06-18 22:55:04.641170,0
9f708368-cb3c-48ca-a392-57316b79afcc,U1146,M113,97.72,2026-06-11 21:40:04.641170,0
d6312a80-1c61-4ec2-9014-2131750565f5,U1134,M111,38.5,2026-07-01 22:45:04.641170,0
893ad232-98c3-43ca-bff4-cec6e7b7b4c6,U1139,M116,394.27,2026-07-01 02:37:04.641170,0
93364f7e-83ef-49f3-a1c7-cc8a04351b64,U1141,M100,198.27,2026-06-29 09:40:04.641170,0
4a90cd0c-24c1-43b9-b7f2-85723defa849,U1011,M112,490.61,2026-06-19 13:13:04.641170,0
5a5226e6-9d64-4932-8066-853d6de299a1,U1191,M100,181.76,2026-06-11 01:57:04.641170,0
2ff3cde4-6aa4-4c9f-9217-04753d959e3f,U1088,M107,367.81,2026-06-12 17:23:04.641170,0
8603156a-15ea-4bcf-ab10-21ceaa143cd8,U1197,M118,368.92,2026-06-23 03:21:04.641170,0
f4124360-1153-4e99-9c50-8720f982f4e0,U1034,M101,179.39,2026-06-23 09:57:04.641170,0
c9525185-81e0-4a5e-8b48-f49686abd4e7,U1164,M105,416.04,2026-06-29 03:39:04.641170,0
0534a101-8ddc-4719-81f3-8dd4fd034ada,U1178,M115,317.71,2026-06-14 03:27:04.641170,0
0b251279-785a-45d0-9f92-a62163f4c69d,U1016,M114,23.31,2026-06-17 04:21:04.641170,0
5f90bed6-fb25-464d-a30a-a767a2bb522b,U1011,M106,443.47,2026-06-22 08:52:04.641170,0
5b6a8102-0428-4378-bf50-23f440ef3935,U1079,M116,202.12,2026-07-02 17:18:04.641170,0
3dba6da8-5844-49fc-914b-9547c9dc72b8,U1121,M108,23.13,2026-06-16 16:54:04.641170,0
1a89b71e-a0d5-42c8-a837-fe68bba205ca,U1073,M111,431.76,2026-06-10 04:22:04.641170,0
c1b5b5ca-bc35-46df-94f7-9dbac5811d2d,U1167,M110,140.24,2026-06-24 18:08:04.641170,0
5a304528-0b59-4562-a227-219f551ff086,U1111,M112,372.94,2026-06-25 14:29:04.641170,0
a48e40f1-d042-4dfa-96ab-087a8bc78e81,U1086,M105,250.62,2026-06-30 15:35:04.641170,0
af475b49-c775-4395-9494-05f02cd2a404,U1094,M116,137.03,2026-06-11 18:24:04.641170,0
7a8104de-b205-47bb-bb16-f75776f186ab,U1186,M113,44.07,2026-07-05 10:12:04.641170,0
2285b2ef-cfbe-4fe9-aea9-c542a1b970d0,U1046,M117,150.41,2026-06-12 16:13:04.641170,0
f1901b7e-c6b4-49ef-b74e-ba9310275b53,U1020,M110,332.16,2026-06-21 22:56:04.641170,0
339b77a8-4b1f-4d7b-8977-c513752a7d25,U1114,M119,360.24,2026-06-15 14:11:04.641170,0
e2c328aa-3310-4475-8a86-22250b36e356,U1176,M114,179.02,2026-06-09 22:25:04.641170,0
4f612217-eef1-4694-90ca-e32d0aba590e,U1186,M111,309.35,2026-06-27 19:14:04.641170,0
d0be73ee-fd37-4539-a5f2-02f983f02dc7,U1070,M101,42.15,2026-06-26 11:51:04.641170,0
095ffa81-40d9-4bce-b930-ba208b040f49,U1093,M116,401.54,2026-06-15 06:54:04.641170,0
493e904d-30ec-4796-a59b-457fc0d7ac73,U1007,M104,425.09,2026-06-27 22:46:04.641170,0
0c3ce284-c7e5-4bbb-9cb5-1c535b62a8df,U1008,M104,38.28,2026-06-24 16:17:04.641170,0
45f18619-54f9-4429-a7de-02ccdda4f4a7,U1092,M112,474.99,2026-06-09 11:32:04.641170,0
6fdc0bad-5e36-4127-8ca1-b45c1fdd980a,U1154,M104,341.14,2026-06-24 21:21:04.641170,0
7092947d-be49-49ec-a667-d3bbe3b56360,U1095,M114,382.73,2026-07-04 03:02:04.641170,0
56cb1ab0-62fb-46d7-b4db-ca07e506f670,U1035,M116,186.64,2026-06-22 07:33:04.641170,0
b12b6680-7f07-4cb9-afd3-40c0f945f2fd,U1166,M108,128.56,2026-06-13 04:04:04.641170,0
cc1b4157-ec9f-4c54-9e0a-72ab7f5db163,U1006,M105,252.03,2026-06-25 14:51:04.641170,0
15260718-cd18-4a82-8447-ceab84ef4324,U1143,M103,134.58,2026-06-19 20:28:04.641170,0
6e3c4532-1434-4f62-acac-028cba220065,U1180,M114,111.21,2026-06-21 00:05:04.641170,0
2e326567-d284-454e-bebe-c0db9a3a6103,U1177,M115,104.09,2026-06-14 04:25:04.641170,0
1a43db54-523a-4993-8b34-46bc8ba435cc,U1018,M114,90.46,2026-06-28 06:20:04.641170,0
4baf0f5e-a932-4094-93f2-8f11147f6570,U1022,M110,335.58,2026-06-10 23:05:04.641170,0
b7b8c1a5-9a45-493d-b227-890e4e76833a,U1140,M117,148.73,2026-06-21 15:47:04.641170,0
71a3fad2-b094-4d2a-aaa9-3b436d15f16f,U1040,M105,397.88,2026-07-01 03:51:04.641170,0
ba108217-0ad7-49a2-b277-16ec59fefbbc,U1057,M103,492.64,2026-06-14 07:51:04.641170,0
9d66e815-5a41-43b3-a95f-176cdebac186,U1060,M115,18.01,2026-07-03 05:18:04.641170,0
a3b442bd-4649-4296-af58-42c3ff86cc31,U1146,M111,236.37,2026-07-03 02:42:04.641170,0
0eaf04b5-f2a9-4c8a-8a9e-4a62fae3114b,U1033,M119,442.7,2026-06-10 23:58:04.641170,0
67fd64c4-a334-458a-abd2-b5121335e5db,U1079,M112,499.8,2026-06-29 18:59:04.641170,0
bff9507d-cd14-403e-8359-9af65d01f55f,U1134,M113,385.74,2026-07-04 04:06:04.641170,0
07f8d4f0-f3ea-4184-a8f4-e3ceadedda80,U1018,M104,486.33,2026-06-11 09:10:04.641170,0
ad973b67-9b89-45cb-9942-644c248d31ec,U1115,M114,341.65,2026-06-23 16:28:04.641170,0
20509c62-08e8-45d7-b02c-1821c8040fb7,U1032,M117,321.7,2026-06-16 06:55:04.641170,0
a52964ff-c74c-4890-bc6a-3174113634a5,U1196,M104,219.15,2026-06-10 12:41:04.641170,0
f31046dc-6202-4ee6-9cb5-e69c5dc7b3e6,U1031,M116,80.74,2026-06-15 12:00:04.641170,0
2747b93c-9ae7-4eab-884a-67809136f1f8,U1041,M110,467.7,2026-06-18 06:26:04.641170,0
5ef787b8-f2e6-495f-b32e-2016add702c9,U1088,M116,447.99,2026-06-11 14:18:04.641170,0
13aec376-c359-410a-b1a6-014c5f3c44dc,U1064,M106,319.35,2026-07-03 01:49:04.641170,0
5df06e8c-878a-4ed9-a33f-fc8292ec89af,U1070,M104,314.39,2026-07-02 06:52:04.641170,0
4758367b-a649-4cdc-907b-907265e58f34,U1023,M116,322.29,2026-07-04 22:34:04.641170,0
06a241af-1d0a-47f7-b5e4-a4713fe68c9c,U1148,M104,89.74,2026-07-05 13:08:04.641170,0
848af440-7fc1-4858-afa0-d842bc55300b,U1086,M118,25.39,2026-06-09 07:09:04.641170,0
1e2595b8-8fc9-486b-a9dd-ebf563119aca,U1020,M101,474.53,2026-07-04 06:09:04.641170,0
b43bd27f-42a2-49a6-8664-12854303cbc1,U1067,M106,384.64,2026-06-26 23:11:04.641170,0
9ca3fbb3-ff11-48ba-b6ee-1640723ef466,U1158,M100,251.53,2026-07-02 20:04:04.641170,0
ffa623d0-ea9e-4c8d-b1a8-b71f491b90e9,U1074,M109,244.06,2026-06-26 11:43:04.641170,0
22bf18f5-1f65-4a87-b33e-e3447dbf4bc1,U1076,M114,41.12,2026-06-10 17:36:04.641170,0
2c33350c-73b9-41d8-92f5-131ada52d2ee,U1040,M114,210.73,2026-06-29 03:27:04.641170,0
ff4c96d6-71f2-4e8f-b69f-68c3e60fd420,U1052,M110,305.3,2026-06-22 05:35:04.641170,0
f7b217c7-ae92-4a71-8f7d-cb431679742f,U1183,M110,368.43,2026-06-23 17:24:04.641170,0
aaf78c67-51d0-4109-bc90-2838d8741408,U1102,M104,381.53,2026-07-01 10:39:04.641170,0
8ccc9cea-109f-48ee-b5a4-720058f0dd23,U1143,M103,162.96,2026-06-29 05:40:04.641170,0
4cc9f5f2-e42e-4037-8a55-2ea08acbbe09,U1031,M108,227.55,2026-06-14 10:02:04.641170,0
b5a5f8e6-b639-4f04-a852-4385d9f2dd0d,U1024,M101,148.65,2026-06-25 11:45:04.641170,0
2c913a7c-a340-4f08-b341-91b8ed6522b4,U1157,M113,127.89,2026-06-15 06:36:04.641170,0
3967e60a-823d-4107-9c8a-c066cb2fafa3,U1083,M118,361.96,2026-06-16 15:30:04.641170,0
cac4d0eb-3373-430e-bc31-a5971f119c0f,U1195,M105,251.64,2026-07-01 10:23:04.641170,0
7e7838c9-ca55-438b-bc9a-be10238d6f44,U1119,M115,440.14,2026-06-30 15:25:04.641170,0
9280c5aa-8dd4-495b-9c63-b6f306ba8cd3,U1005,M102,472.89,2026-07-01 00:14:04.641170,0
fba6abf7-cdbc-4653-b7a7-e8b75e70f65f,U1117,M107,111.5,2026-06-24 01:37:04.641170,0
e25df9a8-9ca8-45c4-a138-afe08d38bbd8,U1012,M101,144.27,2026-07-05 04:48:04.641170,0
65edcfe3-4f2d-4d3f-90d4-de39161237c9,U1167,M115,146.45,2026-06-08 09:05:04.641170,0
7a89cbeb-b807-478a-b788-f5d1ffe575f6,U1027,M113,71.3,2026-06-20 01:02:04.641170,0
68d0a2a8-c4e7-47dd-a929-de738693fd9d,U1186,M111,383.11,2026-06-24 15:52:04.641170,0
20156a72-12e1-43a6-932c-ae01d2c65ee4,U1011,M112,30.32,2026-07-03 13:49:04.641170,0
12fc7a87-a470-4d48-9128-b9b1f8ede0ca,U1049,M111,278.85,2026-06-11 08:28:04.641170,0
8471b4b0-ae1b-4f69-b740-d83173318749,U1098,M116,227.93,2026-07-03 00:45:04.641170,0
d43cdd6d-e0c1-4f1e-a0da-897258321ee4,U1071,M119,341.8,2026-06-13 09:56:04.641170,0
96792482-a3c9-48e4-8d22-38e6c7bf4fbc,U1032,M103,199.98,2026-06-23 10:32:04.641170,0
21084dd9-f75d-4e3c-848d-56502e9522d6,U1142,M111,378.71,2026-06-17 01:35:04.641170,0
de431e06-e924-4069-80bb-ae526ec01269,U1154,M116,203.69,2026-06-09 20:08:04.641170,0
84a2576c-1fc9-45f8-94d6-07350e2f8958,U1011,M101,72.83,2026-06-23 03:56:04.641170,0
2976aab2-2a26-4770-8ddb-1b36272c0588,U1121,M116,231.21,2026-07-05 14:21:04.641170,0
39b86bb2-b596-4a7c-af4a-fa885299e505,U1131,M104,167.34,2026-06-22 12:05:04.641170,0
84d67c4f-f0df-4684-b28e-41225894f7f1,U1041,M112,495.35,2026-06-21 15:00:04.641170,0
143029a9-d88f-4c94-88b7-63d5e519dd7e,U1151,M110,256.12,2026-07-01 04:54:04.641170,0
f4d375c1-a293-49fa-b240-d7a14027ab7d,U1136,M115,355.83,2026-06-21 15:37:04.641170,0
a0017720-200b-4903-8642-6c458d03f17a,U1121,M100,187.34,2026-06-12 23:53:04.641170,0
17eaec83-8892-442f-9d4b-2bf94d85e9c7,U1106,M118,157.3,2026-06-09 05:16:04.641170,0
9780c215-2b2b-48e9-a417-c09380a8a23d,U1152,M115,136.44,2026-07-04 08:00:04.641170,0
2bd3cdcd-2779-4685-94a5-3fdef10d27c8,U1147,M107,362.09,2026-07-04 13:31:04.641170,0
e6e987ca-b87b-4384-9fdd-de2ea8a2b7ad,U1122,M105,264.5,2026-06-25 07:26:04.641170,0
ec86a890-d7b0-4bdc-966e-3cbe9aea622f,U1037,M107,20.63,2026-06-13 00:12:04.641170,0
dd20c3bf-d342-4f08-8a8b-b5b490494583,U1048,M100,223.31,2026-06-27 01:35:04.641170,0
f2d3f761-0ba3-4279-94cb-056407437c3b,U1038,M113,346.8,2026-06-26 16:24:04.641170,0
43c07d43-93a7-4792-8561-b8dca4364fcd,U1128,M119,460.66,2026-06-10 20:11:04.641170,0
92779574-c457-4cc3-b5f7-89bca6b07458,U1180,M104,261.75,2026-07-03 12:48:04.641170,0
07c0d116-a394-4d54-9e3c-5a886aa56e6d,U1083,M115,265.11,2026-06-22 06:52:04.641170,0
8baaf744-a08d-421b-a395-4cb17f7f6c0a,U1044,M114,456.5,2026-06-23 14:04:04.641170,0
4d560a3d-f4e7-469a-a454-09374a27ebf2,U1139,M111,339.55,2026-06-20 00:55:04.641170,0
ceae71cf-ce00-4af0-beb0-51817ba24588,U1156,M115,100.17,2026-06-19 05:25:04.641170,0
741b77f5-4c24-4053-a7f5-ae02af5b8f47,U1071,M117,152.76,2026-06-21 13:14:04.641170,0
2877f5d9-0f56-45f8-b048-faa112ae5c22,U1197,M109,353.93,2026-06-30 06:17:04.641170,0
76e5ae78-7bf7-41d3-aa66-2fce7089fc6d,U1081,M115,177.66,2026-06-20 10:51:04.641170,0
24c778a5-9b4e-464b-9716-dc2e343ada2a,U1073,M103,288.87,2026-07-02 17:28:04.641170,0
51beb80e-b7e6-414c-9c8a-49225005680f,U1097,M112,410.1,2026-06-14 16:09:04.641170,0
586a346a-dc5b-47d1-bcef-1972bbf483ce,U1074,M101,147.38,2026-06-11 14:29:04.641170,0
c2baf0e0-2179-43f0-a612-4ab4f9b21e6e,U1088,M114,329.71,2026-06-29 19:26:04.641170,0
1b2ededb-8fc8-4fc0-83d5-bceb5edbb8ee,U1054,M106,414.84,2026-06-20 08:18:04.641170,0
1f5d988f-776a-4f09-bde2-885951b1943c,U1143,M108,72.95,2026-07-04 17:08:04.641170,0
24108e9a-3f77-4cae-b318-b96d44790612,U1061,M107,30.13,2026-07-02 04:12:04.641170,0
f204be89-4a4b-4563-8cf4-77ef18c8a616,U1057,M107,30.98,2026-06-26 19:36:04.641170,0
6b0ae0e3-9d89-4047-9d39-d7936257a4a2,U1084,M115,54.77,2026-06-14 06:19:04.641170,0
e6fdd7af-dd84-4acc-b672-94643f8ea40a,U1001,M117,489.07,2026-06-15 04:40:04.641170,0
ef0a573d-53d2-456d-9040-158728e213bc,U1104,M115,241.34,2026-06-17 02:01:04.641170,0
3098f7b2-500e-45c0-b89b-df7f93e34c35,U1193,M109,163.98,2026-06-10 16:47:04.641170,0
fef7d9ea-7f8e-4483-a8ca-aa1dc35bec2c,U1196,M102,327.89,2026-06-18 13:48:04.641170,0
e10b1a47-7fae-4748-b781-321e83c501cb,U1136,M101,457.05,2026-06-15 23:23:04.641170,0
170d7507-05ee-41d4-bf53-a88e4efc8248,U1106,M105,467.29,2026-06-09 15:51:04.641170,0
750d112e-8164-4eec-a4ab-851bf1fac6e7,U1101,M115,97.22,2026-06-21 04:20:04.641170,0
95560a2d-3713-4466-bda0-6476f778c676,U1009,M100,152.7,2026-07-05 10:33:04.641170,0
4806f804-0cf0-474c-8c74-dc0f5a575539,U1027,M110,145.86,2026-07-02 17:35:04.641170,0
d7c4fe9c-e1e0-4ffc-98f6-fd7f7eb162f1,U1134,M115,445.18,2026-06-14 02:44:04.641170,0
4926ce5f-7878-4140-ac2a-4f71a77d95f1,U1129,M114,140.05,2026-06-13 03:12:04.641170,0
1b84edc3-d8e0-49de-8217-ea0e896490ab,U1084,M105,366.9,2026-06-19 17:10:04.641170,0
43b47ee5-e1e8-4e7e-a249-8f666e51484d,U1183,M105,11.97,2026-06-23 08:22:04.641170,0
673ba8bd-c38c-4dec-9da3-9a73ba3df7ff,U1075,M118,338.83,2026-06-16 19:09:04.641170,0
0d18ab95-668c-4477-8b95-017c5dae1201,U1044,M119,428.79,2026-06-26 11:04:04.641170,0
5cce5ba9-31d4-4e09-8fd3-3afc91fdfa4f,U1109,M116,167.32,2026-06-26 05:59:04.641170,0
62e7c1a6-12d2-4a06-89e1-cd138da00495,U1171,M103,96.47,2026-06-14 09:45:04.641170,0
8cc36f3b-c3af-4cfe-b34a-6ca38116e3fc,U1122,M110,468.23,2026-06-08 07:37:04.641170,0
9f8cc29f-fd35-4c5f-9347-9a3b479bc637,U1066,M112,121.58,2026-06-20 03:47:04.641170,0
20f0156a-1e6a-4628-9c6d-52d5ae2e9af9,U1084,M109,293.32,2026-07-04 01:54:04.641170,0
5f89ed12-64d6-4fbf-98c0-1e2bf99f0704,U1002,M108,328.57,2026-06-18 18:16:04.641170,0
8ece1128-56ce-4b42-bc9e-1dcbcb7e6268,U1015,M103,235.37,2026-06-15 06:37:04.641170,0
24eeb4a6-c145-45c7-9d98-6115f05eeefe,U1103,M116,461.94,2026-06-22 03:50:04.641170,0
66c14dca-8255-4a61-9a3b-031932f57510,U1176,M103,321.16,2026-06-21 10:25:04.641170,0
09f64405-0b99-4034-8a4e-255280051b10,U1094,M119,114.32,2026-06-14 02:03:04.641170,0
cdd0b4d4-5542-47de-b6ad-f48b2314d0c8,U1122,M104,230.21,2026-07-05 13:47:04.641170,0
2620f9a9-74fd-43d1-84f2-fd0f79474bfa,U1095,M113,352.46,2026-06-29 10:26:04.641170,0
23c8afdb-83f8-4f16-a4a4-474c9b33e3a4,U1193,M117,401.99,2026-06-17 22:43:04.641170,0
518b2f21-9cf2-4859-ae6e-2e7253f591dc,U1195,M107,341.77,2026-07-05 02:57:04.641170,0
9dd2f9de-fd98-4e33-a498-abe92999bbef,U1020,M116,226.14,2026-06-24 11:19:04.641170,0
97fe56c5-4c9a-4f24-97b4-c294bd44089d,U1019,M118,60.54,2026-07-02 22:20:04.641170,0
827c9f8c-d40a-45e9-81df-6517561c9210,U1129,M106,288.49,2026-06-14 19:50:04.641170,0
901bcdef-b56f-48ce-bd66-971e88476c56,U1042,M110,427.97,2026-06-28 02:46:04.641170,0
044251db-d0d4-4a67-b992-8faa4cbf131d,U1029,M106,359.87,2026-06-30 06:05:04.641170,0
1c0f0bdc-ac7e-437c-94cc-1e2a5e4cb287,U1023,M116,225.51,2026-06-10 12:56:04.641170,0
4ec3f970-956d-40e4-aaa2-6216fada98f5,U1116,M104,259.06,2026-06-28 19:06:04.641170,0
df41e335-b9ae-48e4-a615-99c8cbf81f86,U1144,M101,281.6,2026-06-22 00:46:04.641170,0
98cf1188-06d2-4913-a117-3719b023a0ea,U1185,M100,200.99,2026-06-08 03:27:04.641170,0
a7d4cf50-f791-41e5-83f9-cd6b797ebe87,U1190,M106,291.26,2026-06-10 01:38:04.641170,0
9416e4dc-c6b2-4def-b8d8-b7f1c86c6544,U1108,M111,351.69,2026-07-02 15:15:04.641170,0
0d259caa-b8ad-4d87-ba40-45dd93dfd907,U1015,M102,493.14,2026-06-29 11:47:04.641170,0
86341718-2ba6-4db3-bafe-b1149561c813,U1008,M109,207.39,2026-06-14 04:05:04.641170,0
c64c9647-9ea7-417c-b89f-7039a107cc46,U1196,M113,190.36,2026-06-25 09:56:04.641170,0
d25864f2-25d4-40fc-a154-2765d756ba9c,U1114,M112,190.94,2026-07-02 13:13:04.641170,0
9293f705-0815-4147-be00-980eae441e21,U1034,M111,63.72,2026-07-02 10:59:04.641170,0
30d73df7-1c22-4cea-b355-56a5f2bd92f2,U1100,M116,68.04,2026-06-18 03:24:04.641170,0
6b352f85-504e-4687-b0e7-e75604d9145e,U1000,M100,489.35,2026-06-29 01:53:04.641170,0
34323ec6-b0c4-401c-a9b7-c0fa26c432f6,U1172,M117,214.94,2026-06-25 06:26:04.641170,0
9c89d374-c664-45a7-8077-3e33690e7e62,U1058,M107,233.01,2026-06-15 01:36:04.641170,0
d92f3c1e-df70-4b2a-b8bb-22a5eba742d2,U1070,M106,469.02,2026-06-13 03:25:04.641170,0
b4adaf89-0ff1-4a9f-ba37-0623bc5fd4dd,U1008,M113,309.39,2026-06-08 17:15:04.641170,0
8f964685-3514-4890-84c8-6c4623595fa4,U1061,M106,38.31,2026-07-05 00:54:04.641170,0
7a768555-a987-4218-bf84-faef5336723b,U1008,M114,300.9,2026-06-10 05:20:04.641170,0
f4e95734-5052-4700-a077-96a38685abaa,U1062,M101,204.12,2026-06-18 16:07:04.641170,0
887b03e5-e980-4808-b5ac-824c2c55aef7,U1138,M106,378.42,2026-06-10 13:49:04.641170,0
ad05b912-5ab2-4d4a-8bd8-8fcd57a2be4e,U1035,M116,496.77,2026-06-18 15:56:04.641170,0
ae455cc6-b88e-430f-9e1e-994ac5a11f5c,U1187,M118,162.86,2026-07-05 05:15:04.641170,0
43ad3d62-b17c-4b21-8dbc-2c1ca4afe7bd,U1197,M110,122.27,2026-06-14 12:38:04.641170,0
f5141058-3138-4975-bbf3-3a349c2dfa97,U1169,M116,114.42,2026-06-21 16:23:04.641170,0
4c6a70f4-8ede-444d-876c-f68c3f1be0d0,U1070,M101,280.58,2026-07-04 22:25:04.641170,0
fb756923-f910-4bb3-b105-32523990e2c9,U1188,M105,314.87,2026-06-27 10:47:04.641170,0
b4746349-49fc-4cd8-856b-ad4c4c3077c4,U1142,M115,28.21,2026-06-23 16:21:04.641170,0
7d2f4e58-b47a-4c5b-b0b3-901535102852,U1164,M112,393.97,2026-06-22 12:18:04.641170,0
8f7c1d59-594b-4a3a-bad4-65a15129950d,U1178,M113,207.09,2026-06-21 15:43:04.641170,0
b8beff3d-cb9f-4f6d-af3a-6f27ef06fccb,U1096,M105,378.44,2026-06-29 13:22:04.641170,0
92cf6021-1f33-442d-89ac-908746015028,U1061,M107,153.86,2026-06-14 13:50:04.641170,0
e5508ea2-6133-434d-8b0e-8eb1ad371d9e,U1118,M101,283.38,2026-06-26 23:06:04.641170,0
585abefb-d181-4f77-a500-1423faebcd19,U1142,M116,71.38,2026-06-19 01:25:04.641170,0
257f7595-cdfb-4db9-85e7-8b23f4613f09,U1065,M106,168.48,2026-06-11 14:31:04.641170,0
f48f709c-49a2-4441-8ac4-de854a5b1aff,U1115,M111,50.77,2026-06-16 16:13:04.641170,0
ec8be537-58ab-4778-943b-45e3b6d1f6bb,U1013,M108,191.7,2026-07-05 12:57:04.641170,0
bf519362-41a6-4fed-a7ed-c8d8713f8f8c,U1154,M101,437.44,2026-06-16 13:41:04.641170,0
d3f4a49b-33ba-4a88-b6c7-d6fa7aa4f052,U1194,M118,363.53,2026-07-03 10:34:04.641170,0
8fe069b6-eeda-4802-8568-f42689e03e22,U1055,M115,108.4,2026-06-23 03:51:04.641170,0
1bf645f6-2324-4211-8588-fc1bb2384849,U1077,M100,109.84,2026-06-16 15:43:04.641170,0
3d4196fe-963a-4617-bdab-07e79d9d028e,U1189,M103,374.71,2026-06-29 19:16:04.641170,0
e7ba26ac-ab7a-4d1c-8cfe-f6833e11bafe,U1062,M119,353.37,2026-06-26 01:23:04.641170,0
3b9b2d45-a350-45e4-b9c5-9df987f255d6,U1061,M117,164.2,2026-06-20 21:20:04.641170,0
548e1f6b-69ce-4e4e-99a6-92c90d700ea4,U1097,M114,269.16,2026-06-24 08:34:04.641170,0
ae62990c-19bd-4f93-b8ef-7666b7a4c719,U1078,M108,183.02,2026-06-30 15:19:04.641170,0
f6eab3a0-0153-4221-a331-0a28c550eca8,U1119,M103,402.39,2026-06-29 08:58:04.641170,0
286ed390-edd9-4a1a-ba58-5b278ce3e7c3,U1194,M110,457.59,2026-06-24 21:04:04.641170,0
e1721c83-ef5e-4376-a723-fb72682b163a,U1080,M113,27.63,2026-06-18 01:51:04.641170,0
a689b424-7a3a-40e1-b9c7-73a0e0decc3d,U1189,M104,13.03,2026-07-03 04:31:04.641170,0
4988e418-f6c3-4218-8183-6315330f8be1,U1149,M118,361.41,2026-06-21 10:35:04.641170,0
0f25477d-a559-40e7-8910-fade52380bf2,U1039,M106,168.28,2026-06-25 07:03:04.641170,0
a6fd0cb1-16e6-45c0-84cb-294fe86e8e63,U1145,M107,252.15,2026-06-23 08:52:04.641170,0
bd1a8f4b-88ff-4d40-bb72-c86d92fa675f,U1065,M115,483.42,2026-06-30 08:01:04.641170,0
098c60b3-efc9-409e-99af-6e09b91e3d6e,U1117,M105,367.72,2026-06-24 00:50:04.641170,0
6afa828c-2cd1-4b9f-abe5-841fe9c96c52,U1043,M104,361.56,2026-06-30 05:32:04.641170,0
ef158d5b-2d00-4d05-966d-4627e1dace6a,U1047,M117,495.21,2026-06-10 16:19:04.641170,0
d61169a1-ff46-46bf-894d-916deb6d2fed,U1134,M101,420.34,2026-06-11 09:21:04.641170,0
2fb21e66-7ed1-4aab-89b7-c9bc65a16fa9,U1171,M101,383.35,2026-06-26 18:36:04.641170,0
df4e713e-f64e-4dfc-bfbe-ac7aefc59738,U1035,M107,38.64,2026-06-14 21:07:04.641170,0
0997623a-e072-4d96-8a1a-81f5ed10f004,U1002,M106,255.34,2026-06-24 23:48:04.641170,0
9a4ffc0c-9165-42ed-8c63-6e95025f5543,U1015,M119,320.68,2026-06-29 23:57:04.641170,0
55c551fc-fba5-4cc8-adaf-37661b780ede,U1168,M115,12.79,2026-07-02 05:29:04.641170,0
a42d0cd7-fd35-4f6a-b450-388748d90846,U1141,M113,10.87,2026-07-02 02:25:04.641170,0
e3a68a70-7e71-4b55-8639-bd418b15bd94,U1184,M108,270.19,2026-06-21 01:18:04.641170,0
811414f8-d9df-4d0e-a25a-ed6cf0458043,U1004,M116,407.51,2026-06-27 14:28:04.641170,0
cf0e6d2b-315c-467a-85d8-a6ad77d0359e,U1045,M103,459.43,2026-07-01 20:56:04.641170,0
bb2aa146-2999-494c-94a7-b69b1cd66b09,U1038,M107,100.01,2026-07-01 23:11:04.641170,0
b7f60cdf-41dc-4c60-a5f6-0735757b6b29,U1064,M111,137.33,2026-06-26 01:41:04.641170,0
564cfbd2-bc92-4d81-839b-058c2faabe0b,U1020,M111,479.85,2026-06-28 21:30:04.641170,0
aca58d95-915a-4c30-8b86-b5a1ca6fbff8,U1144,M107,495.17,2026-06-18 06:51:04.641170,0
9c678393-2ced-4c0d-b173-04b5c1dd484a,U1076,M102,328.6,2026-06-09 10:46:04.641170,0
67ce378f-e5a4-483b-a383-889adb2c6ac8,U1023,M112,192.74,2026-07-03 03:51:04.641170,0
53f30073-83e9-4ef4-ad7d-f5d0d3b59af7,U1121,M101,320.19,2026-06-15 19:21:04.641170,0
186b2880-ab54-4a15-a69d-01ff1634725b,U1021,M115,423.44,2026-06-23 02:00:04.641170,0
7a3a6e96-23ff-43d3-bb4f-b88a2f4dd219,U1144,M103,447.92,2026-06-09 22:38:04.641170,0
01bf9e73-3f80-4385-af92-40b652d78f10,U1058,M106,451.13,2026-07-03 19:14:04.641170,0
725d4259-3c4b-4eec-a231-ee7342c2d2eb,U1121,M108,28.05,2026-06-11 09:22:04.641170,0
546252e7-f43b-4052-8459-bd6ec0f63229,U1175,M108,450.16,2026-07-03 15:40:04.641170,0
92a81713-b90e-444b-951c-25d54d4c5280,U1168,M101,93.78,2026-06-22 07:40:04.641170,0
5c0b9b10-a757-4b10-82f5-25b902ed73ce,U1004,M106,295.58,2026-06-26 03:12:04.641170,0
aaf407f7-0fe7-4149-bc7e-5368b1594847,U1019,M109,85.41,2026-06-18 22:49:04.641170,0
28e333b6-4e8a-4c4b-b724-20411e43fbd2,U1145,M112,340.13,2026-07-02 14:36:04.641170,0
ec50ace4-80a5-4e65-afa2-855967c96204,U1084,M112,379.03,2026-06-14 09:01:04.641170,0
c5144d98-b41c-404f-a346-f415e5267a2b,U1176,M102,252.89,2026-06-23 17:56:04.641170,0
a38295d3-1e0e-4546-b0b6-dedf4f9c4027,U1013,M103,221.36,2026-06-11 11:11:04.641170,0
5e175b66-4b87-459f-b0cd-7f05ea87855e,U1087,M119,385.66,2026-07-05 02:43:04.641170,0
f5159494-3818-4fd3-b889-936a9d5817e8,U1101,M110,19.66,2026-06-20 10:42:04.641170,0
74797b61-2737-4b52-ba6a-210722319050,U1115,M115,117.93,2026-07-03 04:13:04.641170,0
5fa5e0aa-9b11-4530-bd24-7c11bf6b8cdf,U1096,M113,96.94,2026-07-04 16:05:04.641170,0
e9ad0e9b-8c9a-41e9-b3b2-63376a74dbb7,U1169,M112,47.42,2026-06-21 10:47:04.641170,0
cd4f8b2b-899a-4252-81e1-b94a78883058,U1063,M102,45.61,2026-06-15 00:37:04.641170,0
c3093b6e-37e9-42e2-935a-c07aaa0217d0,U1097,M104,371.13,2026-06-22 10:03:04.641170,0
98874bfe-c136-4c65-ae2a-e3413f59e4f2,U1092,M103,50.3,2026-06-22 00:52:04.641170,0
86879aa9-14f5-43d0-8991-2032df85c777,U1113,M111,381.87,2026-06-12 15:49:04.641170,0
5c9deee0-b42a-4456-8736-5a84725e134d,U1033,M102,97.76,2026-06-28 10:25:04.641170,0
1cb9b73a-906d-4c8c-aad0-8c8913fe8a29,U1142,M117,258.66,2026-06-12 16:59:04.641170,0
e723ada3-8c32-4db2-942a-895e0fcf601f,U1006,M102,180.19,2026-06-12 05:49:04.641170,0
89628f6e-929c-43b3-b3c0-8bf18167999f,U1152,M119,393.3,2026-06-25 12:56:04.641170,0
dabf984e-53ff-4461-aa1f-1b61265cb9d9,U1003,M109,209.84,2026-06-11 20:40:04.641170,0
ae27d432-1dc1-47eb-b11c-767385351a69,U1185,M117,453.08,2026-06-19 01:18:04.641170,0
7d23d479-9549-4a82-b787-ef8d3495311e,U1146,M116,88.94,2026-06-25 08:01:04.641170,0
720b274b-82a7-4586-a61d-9cde1747f387,U1043,M104,138.11,2026-06-20 05:20:04.641170,0
21c71aa3-7414-43b5-8e3e-25f2cf0671c7,U1126,M104,36.32,2026-06-27 18:56:04.641170,0
905c7bdd-74f0-4eae-aa59-43ce836435e3,U1070,M113,153.38,2026-06-11 12:11:04.641170,0
ac3a812f-765e-4cb5-8f0d-55400ec7d662,U1092,M108,472.39,2026-06-30 13:42:04.641170,0
0592bfa5-b928-423f-8ee4-334ece920136,U1152,M119,101.8,2026-06-12 21:00:04.641170,0
00c59f30-d103-4424-8124-1bb4655ce508,U1034,M109,8.35,2026-06-26 00:22:04.641170,0
12b2102d-940c-4503-b7c8-6152beed0af9,U1085,M119,193.05,2026-06-23 00:06:04.641170,0
b34c6c73-5833-4b30-ac77-6e950b981ccd,U1112,M110,218.16,2026-07-05 01:24:04.641170,0
0f6ce9bf-fe7e-4362-8a89-b0f0105291d3,U1034,M109,163.73,2026-06-17 03:33:04.641170,0
fc737d92-11ab-4d11-a4eb-8000ef40d162,U1122,M110,92.93,2026-06-26 03:09:04.641170,0
497ec6d1-081f-46dc-b8d9-a88aef0bea4f,U1081,M109,368.76,2026-06-30 08:28:04.641170,0
22ab7752-c4db-4a62-ae13-418d68ab80ea,U1147,M107,166.31,2026-06-20 18:19:04.641170,0
bab2b77d-fa74-4cc8-a43a-fb7ac40d4874,U1100,M111,61.37,2026-07-03 16:02:04.641170,0
5fdcabbf-6b9c-471c-b6ba-745ba55871e3,U1051,M118,498.65,2026-06-16 04:41:04.641170,0
72d35458-61ea-4f30-a42e-707afe2bd987,U1174,M117,18.32,2026-06-29 00:22:04.641170,0
60a399d4-e821-4716-aac8-0da1de9f6f5b,U1181,M106,222.04,2026-06-21 06:22:04.641170,0
f6d22a7b-aec7-4a82-948b-4376602a4e57,U1177,M102,410.39,2026-06-26 15:03:04.641170,0
220b9ea9-8a0f-4508-9fe2-c0a0a96b3c42,U1172,M115,73.89,2026-06-21 18:56:04.641170,0
1e5ebe54-5907-4299-9c3b-bdd8a74e02a9,U1061,M108,331.04,2026-06-27 06:20:04.641170,0
649f7d88-8989-45ab-be2b-34d82db0728d,U1096,M102,227.29,2026-07-05 05:16:04.641170,0
fa8dae42-ba54-4920-a099-d18087623997,U1122,M118,203.4,2026-07-01 01:31:04.641170,0
c194f97f-00e3-4026-95b6-de85390239d9,U1177,M113,274.1,2026-06-24 08:52:04.641170,0
76876c62-4c61-445e-ba7e-5d9405d1fb63,U1179,M117,298.94,2026-06-11 20:59:04.641170,0
6c93a791-8b60-4511-b816-8aebac6a7c85,U1027,M107,330.51,2026-06-24 03:55:04.641170,0
3acb43a3-d2c7-4ffb-a118-433b882ccd1e,U1042,M119,26.93,2026-06-26 04:39:04.641170,0
27b608dc-589d-4cb0-b5eb-89c23f5cf2f3,U1192,M110,483.03,2026-06-27 14:20:04.641170,0
e00da49d-effa-4002-b040-413c4690fb15,U1027,M100,53.81,2026-06-18 02:39:04.641170,0
083f64c3-1ce3-42f8-83f7-25feb99b2b5a,U1130,M116,281.21,2026-07-04 04:28:04.641170,0
9d6b9b62-6b53-4a19-a902-b73fcf39f648,U1056,M114,190.19,2026-06-29 01:57:04.641170,0
e39836bb-e23d-4faa-afad-49e9c41c147e,U1197,M118,346.77,2026-06-14 20:49:04.641170,0
1139fa12-34c1-43ea-bd9c-4e6404015ced,U1088,M100,243.97,2026-06-21 10:51:04.641170,0
7249f62c-0898-4462-980c-b95c19d45deb,U1106,M102,62.45,2026-06-14 10:54:04.641170,0
df495037-b40a-4181-ac09-bdb799086e47,U1089,M109,174.82,2026-06-17 10:07:04.641170,0
0b531932-bd94-49aa-bea6-e5b20c760d28,U1133,M115,177.41,2026-06-12 10:47:04.641170,0
8a2db2e6-3bfd-48a6-b05f-ddf566fadca0,U1112,M114,162.86,2026-06-21 16:08:04.641170,0
c6ac1b04-dd1d-4cd1-811f-6bf5379ef467,U1011,M103,16.18,2026-06-23 14:53:04.641170,0
fe54ee4b-80ff-4173-a3df-ecd70e731dd7,U1165,M103,340.18,2026-06-15 11:41:04.641170,0
ea98fef8-d0d7-4e37-bbf2-025f4a0d2b73,U1189,M107,260.42,2026-07-03 02:59:04.641170,0
93d563ae-51a3-4c26-937b-f79bbb44badc,U1040,M110,282.13,2026-06-29 00:51:04.641170,0
d18183d1-ac2b-4cfc-85c5-1060991121e7,U1059,M112,316.73,2026-06-16 11:45:04.641170,0
e0527739-4d40-4f1b-bca5-be2952171bf3,U1163,M113,200.81,2026-06-16 23:41:04.641170,0
8570b59f-a903-4e67-bc56-8b5324acb722,U1115,M118,217.63,2026-06-08 05:01:04.641170,0
46707cd6-4ced-4164-a9df-14e9389641dd,U1180,M106,106.86,2026-06-10 20:30:04.641170,0
97777f10-f2d2-493f-8e85-140d0f9aeb70,U1147,M103,400.75,2026-07-02 10:35:04.641170,0
2cd58759-e95d-4761-bc36-dc59e134edfc,U1047,M111,166.36,2026-06-28 19:56:04.641170,0
8e4c3ab5-6d5d-4477-adc2-9178a0411612,U1029,M108,337.0,2026-06-30 06:48:04.641170,0
582b91ee-f8e8-435b-8c00-988a7ee1011a,U1135,M110,300.5,2026-06-25 20:55:04.641170,0
61935990-abdd-4a8f-a4b0-5c89f10bce9c,U1150,M103,177.22,2026-06-28 20:16:04.641170,0
b2414482-5198-44d8-8643-3603c92a7d7c,U1158,M105,407.8,2026-06-21 13:03:04.641170,0
4cc57e0d-2633-4018-a883-ac6e6a944054,U1157,M118,46.95,2026-06-14 02:28:04.641170,0
89b5aab0-c121-49db-af12-b150605fb1eb,U1080,M103,123.09,2026-06-13 07:54:04.641170,0
39b02e2a-d96e-484f-bdb0-174e7938878a,U1046,M111,348.25,2026-07-01 06:07:04.641170,0
24f43c62-b523-40de-9b87-d29c4cfd0fc1,U1099,M113,300.23,2026-07-04 04:00:04.641170,0
0ec0713d-ea2c-4a51-b688-d11fce4758be,U1098,M113,96.95,2026-07-02 11:07:04.641170,0
6aa0426d-f7c0-45f7-a9a5-3b4f8ff8869d,U1177,M105,279.68,2026-06-30 06:59:04.641170,0
636f6e5c-2253-4706-87ad-8b268eaa5841,U1073,M104,97.61,2026-06-28 12:46:04.641170,0
548c1d84-340d-4049-8147-65063e2bf9c9,U1158,M101,433.43,2026-06-08 10:38:04.641170,0
73253aa3-ec17-4298-943d-f5b3a58e83dd,U1124,M104,101.59,2026-06-25 11:32:04.641170,0
891f6912-17ab-4863-9efe-ef4fd8ddbbc0,U1143,M116,328.27,2026-06-26 15:03:04.641170,0
0d31812e-30c3-4756-9453-f867b97e6224,U1175,M115,210.74,2026-06-28 04:58:04.641170,0
9adf4709-ac75-4344-a08e-149e44b9e602,U1125,M105,45.92,2026-06-09 09:52:04.641170,0
12a1fe7d-dfa5-4722-8a1f-c9df9a591974,U1194,M107,149.58,2026-06-20 12:22:04.641170,0
966be275-c2fe-4954-8dfd-9531302b7831,U1057,M117,147.89,2026-06-28 19:41:04.641170,0
378e6510-8f10-433e-abe4-2e7db96c1163,U1144,M115,277.11,2026-06-13 03:49:04.641170,0
e8334da5-de95-4695-b579-c1437ab99428,U1146,M103,137.61,2026-07-02 17:23:04.641170,0
e8b3d763-f4ff-4f3a-8d9d-baeb553d2625,U1093,M117,412.19,2026-06-09 21:36:04.641170,0
30a5648e-efe9-43d0-b639-08bf03ece8ff,U1194,M114,275.44,2026-06-27 08:32:04.641170,0
bf337a15-1e08-4f20-bdd1-51b0f64ab6ec,U1026,M107,152.37,2026-06-09 11:22:04.641170,0
ea18d32c-7a9a-4ef5-811b-d1c4ffe3f366,U1115,M108,177.55,2026-06-11 23:10:04.641170,0
b42a2d93-9aba-4f15-b214-90623e1a963e,U1112,M103,388.94,2026-06-18 18:58:04.641170,0
3d44cb2c-ea45-4a41-a589-ada1345af934,U1053,M118,346.12,2026-07-05 18:44:04.641170,0
48769153-c688-43fe-9255-5c758d55119e,U1161,M113,87.16,2026-06-14 08:14:04.641170,0
a6129a1c-889d-4b76-b75c-30b561730c48,U1052,M106,403.69,2026-07-03 22:50:04.641170,0
5c11ab6d-42f5-43f5-8ef4-c34d5bf86f3c,U1089,M117,144.14,2026-07-02 12:38:04.641170,0
774c0afa-7f4d-408c-a1ff-f6c08347f1da,U1043,M110,489.61,2026-06-21 07:48:04.641170,0
b8f0188e-fb37-4fae-8d85-63ca193e638d,U1074,M118,137.33,2026-07-01 10:02:04.641170,0
51facefa-d6f8-4f7a-82fa-1da878308631,U1173,M103,72.12,2026-06-26 17:44:04.641170,0
501ba851-5ee6-4495-b400-29c3ea11905b,U1015,M108,434.19,2026-06-13 18:45:04.641170,0
dd34aa18-9001-4ed4-8bb4-01e769f753f1,U1179,M104,128.59,2026-06-22 15:58:04.641170,0
0426fcc9-255b-40e2-bdc2-b74b38a56b49,U1063,M112,247.28,2026-07-04 06:52:04.641170,0
95831d58-ef4c-4119-8da5-d39b42c21797,U1161,M108,315.77,2026-06-25 01:57:04.641170,0
4b91b8cb-6ae6-4582-b852-b3cd9442b5e6,U1115,M102,318.65,2026-06-12 05:51:04.641170,0
3ae28023-5472-4d2d-b239-9ffb27046f25,U1103,M116,376.15,2026-06-24 19:17:04.641170,0
3ee82983-d557-4241-91dd-b9bf613d2de9,U1116,M115,167.01,2026-06-08 02:52:04.641170,0
f186e47a-a794-4320-8cf6-e8b87fd238c3,U1198,M102,366.81,2026-06-28 20:54:04.641170,0
c36b9a0a-41e0-4a89-966a-9ce7af521b94,U1162,M111,425.8,2026-07-02 07:54:04.641170,0
b93b17fb-f76d-45fd-bd16-45a0d253d966,U1101,M106,484.22,2026-06-17 15:33:04.641170,0
75f8e3a8-7d97-4c0f-bd56-09c4a4461663,U1126,M108,164.82,2026-06-20 21:55:04.641170,0
5a2837b2-cb83-43f2-bb96-f6022b115c36,U1086,M117,291.08,2026-07-03 18:32:04.641170,0
8bea75c1-b866-47aa-a3d4-526b2b54ff7a,U1124,M110,447.61,2026-06-10 05:02:04.641170,0
e3ad64d4-eab9-4b02-af1d-c1217d024c6d,U1011,M103,314.96,2026-06-28 22:09:04.641170,0
f50d7a37-a44d-4fec-bd85-d7fa8ac97b01,U1004,M103,465.07,2026-06-15 04:43:04.641170,0
d6cd3155-08a8-4c7f-8621-38ad0f09105c,U1112,M114,5.33,2026-06-27 11:26:04.641170,0
d1682e09-f1f7-4904-9307-5157d8c128e7,U1051,M104,441.66,2026-06-21 17:53:04.641170,0
01a25ed1-c3ab-45f1-8c6b-7074ab102c9b,U1040,M108,51.2,2026-06-24 09:51:04.641170,0
a175a9c3-d7b1-42a9-a332-a50e6992896e,U1064,M102,189.06,2026-06-15 12:57:04.641170,0
26a9e100-b509-409b-9166-58ce3b3f3800,U1013,M112,314.67,2026-06-18 15:54:04.641170,0
74bd0c93-8177-4661-b7fe-032c02571851,U1109,M102,353.33,2026-06-08 01:21:04.641170,0
a3422e50-9e2a-4324-8f79-a8a75f8a14bd,U1054,M115,43.58,2026-07-05 00:37:04.641170,0
e9aa144b-9dd4-4675-af14-5064aab07015,U1057,M116,341.59,2026-06-08 10:18:04.641170,0
0406ff44-7ce4-4679-a8c6-dbc07bb3447b,U1002,M110,409.47,2026-06-27 05:26:04.641170,0
694d7b00-8d38-4327-883f-13c601b158e9,U1177,M104,241.46,2026-06-18 10:14:04.641170,0
b8e19f56-8787-4a21-8448-2a220308aa5e,U1098,M102,366.73,2026-06-12 16:02:04.641170,0
49646b96-fa3c-4628-8926-21df465568b7,U1026,M110,186.94,2026-06-21 15:01:04.641170,0
b2a6e468-d02b-4243-8091-3ac10463750e,U1035,M112,387.86,2026-06-14 01:35:04.641170,0
f090f5a0-ce61-4199-ae3a-0ba8ac8d6c7d,U1164,M104,38.86,2026-07-03 15:25:04.641170,0
eb053fc4-1b65-4dab-ade4-6e91e8e6e840,U1002,M119,326.76,2026-06-28 00:52:04.641170,0
3db02235-261e-4555-863e-1f2a18a806ef,U1089,M106,315.9,2026-06-14 21:30:04.641170,0
409e7a80-86c5-41d6-9ea9-f50831227592,U1105,M119,344.85,2026-06-17 21:27:04.641170,0
cb80f288-446f-44dd-9abc-a6e5d0b1e3eb,U1022,M103,74.31,2026-06-13 14:41:04.641170,0
f5948a54-5f80-4eeb-943a-9aff659b0105,U1150,M112,179.01,2026-06-27 13:10:04.641170,0
3e42df5b-90a3-4bbf-b580-e05067f1698c,U1080,M104,127.65,2026-06-11 20:11:04.641170,0
4ccb2355-39d1-47ff-b27e-1442fd7fe973,U1063,M117,302.49,2026-07-05 15:49:04.641170,0
14a34f7f-d90d-419b-93fb-e043af1d5a1a,U1072,M100,424.71,2026-06-21 17:38:04.641170,0
a65f7b8a-dbb4-4021-bdde-64afa75b395a,U1052,M116,305.43,2026-06-16 14:13:04.641170,0
67c0518b-17ef-4621-881c-79d4c27437eb,U1191,M112,151.29,2026-06-10 11:46:04.641170,0
79db7862-8d7d-4772-a08e-2f5c61177270,U1061,M115,196.01,2026-06-18 23:29:04.641170,0
b3eda8f1-026b-4383-a301-ec030e5d8c6a,U1127,M119,40.15,2026-06-08 13:20:04.641170,0
d867888b-7ff6-4824-952a-eaec2bdfcb41,U1092,M110,70.33,2026-07-03 20:59:04.641170,0
54ce26be-c8cc-42c2-a518-a4186f14b3f6,U1107,M111,275.45,2026-06-15 20:52:04.641170,0
f94d8fcb-dba3-496f-ba32-3f6990dbfad6,U1195,M115,477.45,2026-06-11 07:53:04.641170,0
eb4d8f42-8735-40a2-a511-09611869a217,U1004,M118,38.43,2026-06-19 22:32:04.641170,0
e6b9d31a-361f-4d90-bad1-fa330ae4ac11,U1055,M101,461.68,2026-06-26 02:51:04.641170,0
9118c400-e336-4243-b139-c476de3ce88b,U1129,M109,316.14,2026-06-30 19:26:04.641170,0
ec95b3ac-0beb-4c34-8566-7c4879ba630a,U1196,M113,214.67,2026-06-26 07:33:04.641170,0
47c68688-ecf3-4053-af36-b8cc13087974,U1021,M117,271.14,2026-06-14 22:56:04.641170,0
a879d8f8-9042-4eb7-8b04-0f53e63949d4,U1071,M102,158.4,2026-07-01 06:38:04.641170,0
d9b59f84-edc3-41c3-adea-2d2d086c405f,U1052,M104,270.51,2026-06-25 18:56:04.641170,0
3508507a-f622-4842-8402-2b3c508211a5,U1150,M102,158.53,2026-06-27 22:01:04.641170,0
d218c9d6-c093-4fb0-a4e9-bcfd9647ff9f,U1186,M107,33.66,2026-06-11 22:20:04.641170,0
edcabf94-65f6-4a53-9226-a8b3b674410d,U1111,M103,229.42,2026-07-05 17:10:04.641170,0
905f9096-2996-46e2-8c9d-690713b22cec,U1014,M109,334.71,2026-06-16 00:01:04.641170,0
d9750f00-d5ab-48ae-9112-fbc03d8f95f4,U1030,M100,355.41,2026-06-08 12:33:04.641170,0
8a624cbd-e582-4678-ad52-29dd639fc471,U1041,M115,476.74,2026-07-01 19:25:04.641170,0
bd5ff093-c16f-4bcc-a243-bed754ec3f33,U1132,M108,87.65,2026-06-13 18:48:04.641170,0
b076a7dc-fd0c-4433-8a5e-151b23d3cd4c,U1191,M108,367.8,2026-06-13 09:06:04.641170,0
bed63da0-8033-45c2-9413-d64db962c8a7,U1197,M100,170.83,2026-06-27 13:06:04.641170,0
1901ef87-0dbf-4caf-988a-3f87f96d40f8,U1069,M116,36.62,2026-07-04 06:01:04.641170,0
1375ee90-d6b3-41e4-bb6d-ca0d6fe5040b,U1160,M102,250.59,2026-07-01 06:04:04.641170,0
9d264599-c4dd-4df5-9aec-56a857311609,U1092,M101,252.31,2026-07-03 19:21:04.641170,0
f80b2cea-658e-44a2-9879-cf35f4719986,U1042,M111,82.87,2026-06-12 16:33:04.641170,0
a255e1bb-0795-4c1f-938d-6b8cc607b1e9,U1146,M103,118.06,2026-07-01 03:56:04.641170,0
735741e5-fe1a-4ba9-8896-9c5b45f8c28d,U1000,M101,430.05,2026-06-08 13:35:04.641170,0
8d93e14a-5b16-4158-ba67-470c7d98302f,U1062,M101,238.52,2026-06-25 10:28:04.641170,0
2f8c83e5-6e8d-4644-a01b-fbcbf0eebcce,U1038,M105,465.92,2026-06-09 14:47:04.641170,0
614c721d-a921-4b4c-95fb-e976ae007b7e,U1141,M113,116.14,2026-06-19 07:20:04.641170,0
4b9dfd58-9e5d-4c7a-85ac-c35415f00cb4,U1106,M110,139.27,2026-06-11 13:14:04.641170,0
12d15585-b68e-47fa-bf17-5534cc4d5819,U1146,M111,64.1,2026-06-10 09:41:04.641170,0
6147adeb-277b-4667-8499-d0a615007170,U1045,M107,403.15,2026-06-10 02:19:04.641170,0
277eb0aa-a247-441d-88ad-0899b630794d,U1102,M102,439.11,2026-06-20 20:31:04.641170,0
5c56d9bc-5111-431d-a3be-441dbd5a0c9e,U1198,M109,167.01,2026-07-03 04:17:04.641170,0
f165d779-0154-4950-976d-e21f1b46ebdc,U1116,M100,187.62,2026-06-21 06:39:04.641170,0
c2e79a98-5c23-4d8d-b1da-35b94eea9db8,U1144,M109,371.09,2026-06-19 01:07:04.641170,0
16591c89-21eb-4aa9-9a2b-d69c450f69ee,U1118,M111,297.89,2026-06-30 11:02:04.641170,0
8e969227-72e7-4b51-ae54-ac6d2ff8e87e,U1197,M106,367.57,2026-07-02 21:09:04.641170,0
1a7167c7-6875-4545-832f-52c48e0370cf,U1194,M107,79.53,2026-06-26 16:02:04.641170,0
8de1596c-5a9a-406a-96f1-42a206b919aa,U1006,M107,273.06,2026-06-08 10:38:04.641170,0
c8d0f9e5-9919-45ea-98d0-0c2c17d30f32,U1085,M100,380.67,2026-06-25 03:09:04.641170,0
0328c136-629e-43d8-9d1c-a267530ddda6,U1188,M109,56.45,2026-07-02 02:51:04.641170,0
c777a07f-6346-44ef-a9ef-74e34ab6821c,U1060,M113,248.55,2026-06-10 17:35:04.641170,0
8f3dc97f-e6b0-4a0a-b98f-5dbe15aede0f,U1036,M108,51.05,2026-06-18 12:59:04.641170,0
3e245fbf-fa69-4cd2-be23-90f3e7bbaefc,U1133,M113,351.92,2026-06-24 23:01:04.641170,0
af70de70-2b69-495e-8567-1b58926bffa5,U1117,M102,292.48,2026-07-01 00:13:04.641170,0
44d7df9a-238b-45b7-ab64-777c6177a771,U1034,M112,42.04,2026-07-03 20:22:04.641170,0
255bfc1c-7e3d-4ee4-84b6-4ec14d16f049,U1015,M113,332.91,2026-06-13 22:56:04.641170,0
46a56fe8-6f46-41b1-aace-1aa9103246b3,U1060,M109,134.19,2026-06-22 08:14:04.641170,0
c85cd714-7bf6-4552-8cbc-90446bcd5ce7,U1100,M110,162.44,2026-06-20 09:12:04.641170,0
f1b88d65-406f-44d6-9c72-aebd13b11e59,U1059,M102,472.06,2026-06-14 04:50:04.641170,0
7eece88d-a002-452a-b88c-ddde3f2086c2,U1199,M118,58.94,2026-06-12 19:34:04.641170,0
75366b9f-320f-42c0-9dde-01889803b22e,U1042,M114,235.7,2026-06-26 12:11:04.641170,0
01bb819c-4dfe-4117-a2af-711f1b628a9d,U1030,M117,182.35,2026-06-17 10:57:04.641170,0
d773f98d-550c-4fe9-a54c-11d9f2e61828,U1115,M109,234.36,2026-06-13 11:08:04.641170,0
dcb9075e-cdd7-4460-a140-77d39ec4ea48,U1023,M105,404.76,2026-06-21 20:27:04.641170,0
6e3cdd4f-55b1-45e4-b0b2-7304545cd88d,U1180,M119,24.96,2026-06-22 22:12:04.641170,0
a6aa59e5-dc08-4f29-92d3-3488d0c30018,U1037,M102,357.02,2026-06-24 04:43:04.641170,0
4ce953a7-22d9-4db3-982a-2277f966d59f,U1101,M116,29.23,2026-06-21 14:34:04.641170,0
b1fead13-f280-4f1d-9a6c-0db952171c88,U1066,M105,20.39,2026-06-26 09:52:04.641170,0
2d79a2d1-506e-40c7-baa0-61e9336b00cb,U1115,M117,375.3,2026-06-19 09:04:04.641170,0
51b30182-f7fe-404f-a5f3-0779f6ee5cdb,U1024,M114,55.44,2026-06-14 08:51:04.641170,0
a205e54f-b1e8-409d-bc20-b9f24a9c589e,U1031,M100,35.53,2026-06-18 02:57:04.641170,0
c82f78fd-936c-431c-b7bf-52447db2a7aa,U1033,M106,412.72,2026-06-24 22:45:04.641170,0
47c1c017-6045-4909-936d-47d73e0f84ce,U1175,M102,293.25,2026-06-19 18:52:04.641170,0
5d71a898-6497-4593-892e-8c93d105c8d6,U1019,M100,498.59,2026-06-17 00:09:04.641170,0
33261887-9058-41df-ae9b-f3e11d27c09a,U1165,M114,405.6,2026-06-12 04:37:04.641170,0
2e0fb5b3-8bae-491e-bf4c-c10f979c30cf,U1084,M103,26.13,2026-06-28 23:41:04.641170,0
06e3f949-8cd3-4c62-8482-9b71ae84b81c,U1012,M105,462.45,2026-06-27 17:17:04.641170,0
f166cdcf-762c-4fbc-ba2a-a7baf3f81c31,U1185,M112,250.58,2026-06-25 10:12:04.641170,0
cc351e4f-703e-457f-b5ab-8466b5578b00,U1174,M113,90.54,2026-06-17 18:41:04.641170,0
11b461e9-b15d-472d-94ce-e27c4a94ae9f,U1047,M108,143.53,2026-06-14 18:30:04.641170,0
cb881c32-cbb0-4a8b-9908-a121d1a7ba20,U1008,M119,311.49,2026-06-19 04:37:04.641170,0
23a13e20-7fd2-45ee-ac48-436668bd80d7,U1165,M109,251.95,2026-07-03 01:39:04.641170,0
40afbf3f-3df5-4967-8d86-70bda2224f96,U1122,M101,48.42,2026-06-25 10:31:04.641170,0
6c521d13-b719-4b68-a775-ee42a89e22f2,U1035,M113,103.73,2026-07-01 22:29:04.641170,0
72f60958-12ef-4101-a082-786fca00ef58,U1063,M117,398.45,2026-06-25 09:57:04.641170,0
950df1a0-7aaf-4001-9912-316afd9e8e20,U1182,M111,242.44,2026-06-30 01:33:04.641170,0
ec6a37ad-81b1-4db9-88cc-4d49669b29b8,U1088,M118,253.68,2026-06-25 16:22:04.641170,0
6b15c11b-b113-450b-9ea0-50c6eb9ed274,U1069,M105,17.9,2026-07-05 04:22:04.641170,0
f7eae66e-ca6c-4f9b-8969-71018b2c550a,U1056,M100,448.4,2026-06-20 19:01:04.641170,0
cff2b1c4-e53f-4644-b39e-4df25c0a1feb,U1014,M115,267.07,2026-07-04 14:02:04.641170,0
ea163354-a35f-49c1-9804-95628972abbd,U1059,M105,54.57,2026-06-18 23:34:04.641170,0
3f8c1097-c4da-4c2e-9bff-a27915c1604f,U1068,M117,409.06,2026-06-10 13:14:04.641170,0
2a9528c3-5ae1-4bad-aa29-60fda85894df,U1195,M107,289.97,2026-06-25 16:25:04.641170,0
902f3465-0b57-4720-9cd8-758ba5a1c825,U1090,M105,92.17,2026-07-04 23:21:04.641170,0
a590fd3c-ad6e-4c57-a520-c3d0fbcdbf5e,U1081,M111,457.42,2026-06-09 06:58:04.641170,0
54e38579-c0af-4193-b780-ef2f664d5922,U1180,M111,474.04,2026-07-03 15:46:04.641170,0
1b1f2eb1-6e32-45a8-8bd5-cc86f73936e9,U1036,M118,474.44,2026-06-30 09:48:04.641170,0
38d5101f-423c-4d9d-993e-478302b34254,U1138,M109,91.9,2026-06-09 17:37:04.641170,0
8ed8a80d-84cf-4e39-bf31-c29f82bbad84,U1023,M101,120.15,2026-06-17 23:09:04.641170,0
38958939-9342-409f-b00a-c64c949cd8d4,U1005,M116,241.6,2026-06-23 02:30:04.641170,0
768b4f7e-6421-4e66-9fc6-4cd0721e8b1f,U1157,M106,404.19,2026-06-23 12:21:04.641170,0
b0c07fcc-96ad-44df-adf7-5924c5b8386b,U1183,M105,459.8,2026-06-22 17:36:04.641170,0
ff69723d-584f-485b-a697-384d801e8690,U1015,M100,78.12,2026-06-14 10:53:04.641170,0
4ba17233-1ac3-4f31-bb96-e2d10649bcf6,U1198,M103,424.01,2026-06-24 14:43:04.641170,0
15fa9483-f633-4c2d-aba9-00e16a7d5d96,U1018,M111,353.75,2026-06-26 00:15:04.641170,0
baeb286b-f0d0-470f-94d1-3d551db6b844,U1150,M103,171.6,2026-06-22 16:32:04.641170,0
57d337d3-4fd8-4bbb-992c-11072444d301,U1034,M105,367.51,2026-06-27 21:20:04.641170,0
8567c805-34f5-41c0-88c5-eb2a7490adeb,U1163,M115,326.34,2026-06-15 22:26:04.641170,0
18fdd2b9-79e5-49aa-992a-35497ba109d0,U1181,M117,348.31,2026-06-24 05:54:04.641170,0
73d39457-b25f-43df-b8d4-9848702ba49f,U1057,M118,408.15,2026-06-25 05:27:04.641170,0
0b705933-4cde-4b6b-9132-567c51a40d2a,U1078,M109,68.04,2026-06-08 02:07:04.641170,0
05c8234b-1d76-4a66-b5f5-9cb0cf685878,U1179,M118,198.84,2026-07-03 20:00:04.641170,0
1bff3142-a5e1-4b55-97d3-f4ddd963dc72,U1008,M105,303.18,2026-06-18 01:26:04.641170,0
ee0f65a8-2a13-4c1f-8cd0-15c1ad5900dd,U1163,M118,56.53,2026-06-30 14:07:04.641170,0
84182d35-3e71-4433-bd90-b81afbe0e6b8,U1036,M110,373.94,2026-06-18 20:07:04.641170,0
54bbbcf8-28fe-4761-8d49-fe3f2ca8f783,U1088,M110,88.1,2026-06-12 01:04:04.641170,0
76492e64-f55d-4e6d-ad26-8b378f5242d3,U1181,M110,226.08,2026-06-20 01:50:04.641170,0
a137f8e4-67b1-4040-8c39-b9253b5ae288,U1053,M107,348.12,2026-06-23 22:59:04.641170,0
a84554c3-a3f6-4c61-afb7-0dab2f383b43,U1065,M103,361.6,2026-06-10 04:45:04.641170,0
bcc57be0-0779-450a-a544-e3136ea05d13,U1098,M114,367.63,2026-06-15 13:51:04.641170,0
7317591a-3283-4aa4-a212-ab7c9d361cb6,U1105,M115,441.48,2026-06-23 23:48:04.641170,0
0123a348-638a-4df6-adf7-2cd3979aa051,U1139,M112,55.21,2026-06-29 19:53:04.641170,0
47419b48-34ae-4abd-b6fc-e0acb4698db3,U1147,M107,85.51,2026-06-11 08:40:04.641170,0
cbc72f1a-cf08-4a54-b429-9924c0986750,U1008,M109,14.94,2026-06-19 21:23:04.641170,0
ccac2fb5-1a0c-4c04-93cd-129110042d82,U1026,M102,174.2,2026-06-25 02:16:04.641170,0
5da49cb9-2fdc-4992-8971-8eeadf3a098a,U1041,M102,275.79,2026-06-12 05:51:04.641170,0
1d2c2721-7522-4646-b273-75bf5373bf4d,U1086,M119,492.71,2026-06-29 23:26:04.641170,0
7d4ed26e-dcd5-4fae-abb3-16a743299780,U1180,M100,218.51,2026-06-15 12:23:04.641170,0
503b4078-a39c-4ec6-b746-4c02871854c1,U1155,M113,82.77,2026-06-12 14:46:04.641170,0
647dc392-9c7e-4575-a37d-dcd698d3148b,U1084,M106,487.33,2026-06-26 15:12:04.641170,0
5a1baf0e-5911-46dc-9d3e-503a9645f0e4,U1178,M117,362.41,2026-07-02 14:07:04.641170,0
2c2ac34b-9e0b-4b01-b536-59efd873dad9,U1067,M109,152.21,2026-06-12 08:55:04.641170,0
ccf4ffb0-b4bb-473f-ac70-51d1d051267f,U1012,M112,288.03,2026-06-30 08:24:04.641170,0
97154633-9d4e-4b71-ab2e-c80e4c255823,U1039,M101,183.61,2026-06-27 11:13:04.641170,0
502cf0ee-224a-46a6-ac0f-680115b24e1d,U1022,M109,412.83,2026-07-05 07:45:04.641170,0
1df05d18-4e2d-4255-bd13-1a3d1e2c2e7d,U1122,M106,53.01,2026-06-17 10:12:04.641170,0
243012da-b185-4eb8-9f90-fc872edc017e,U1043,M109,488.64,2026-06-29 13:25:04.641170,0
98af5cca-6b11-47cb-a372-542482c56b21,U1029,M109,393.51,2026-06-29 10:33:04.641170,0
6c4c450b-623a-40fc-9326-7d25234b4562,U1125,M108,50.11,2026-07-02 18:29:04.641170,0
8991b01a-a2b0-4c4b-bc96-6b552f8d8ded,U1099,M105,188.66,2026-06-25 08:48:04.641170,0
ee4205ee-a52f-43ec-ab4e-2281b184d1fc,U1094,M105,225.66,2026-06-19 23:45:04.641170,0
2ab7b2ef-8e0e-4033-ac59-1da8fff96acf,U1112,M114,135.38,2026-06-20 05:30:04.641170,0
2fe5b140-23ea-4956-89f1-137d7d592e19,U1144,M101,79.81,2026-06-12 09:47:04.641170,0
9e91a71c-7374-4cbf-978c-57d3508850d3,U1021,M111,405.05,2026-06-26 20:21:04.641170,0
f3abea0d-5be9-4db3-9d92-dd7c0db977a9,U1193,M118,117.62,2026-06-10 18:46:04.641170,0
31f3f0c0-22f3-4068-bc0f-549d02740f73,U1099,M116,212.22,2026-07-02 09:05:04.641170,0
8fc3d7d3-f6bd-40c7-a24a-2a50d0b1fde0,U1175,M115,288.49,2026-06-18 17:33:04.641170,0
68bd075b-7eb6-481e-a72f-947d816462cb,U1121,M109,44.08,2026-06-09 14:05:04.641170,0
b5cbe3f5-6a66-4184-bde1-bf5daf4847f0,U1128,M118,450.73,2026-07-04 00:22:04.641170,0
2ad11fe8-7d1b-495e-b1a0-449dd703262f,U1173,M119,77.99,2026-06-28 10:38:04.641170,0
cbbed980-07e6-4cb0-90bd-e9001529e6f5,U1044,M105,486.22,2026-06-16 18:40:04.641170,0
085eb489-4ac6-4780-b874-9f3cc2d49b56,U1032,M101,214.57,2026-06-27 19:43:04.641170,0
49e64c22-89a0-47eb-b98f-569b465cc2cb,U1051,M104,417.88,2026-06-19 17:50:04.641170,0
90ce77e9-7513-43b9-87de-96ea2b0fbe44,U1081,M102,48.08,2026-07-03 07:51:04.641170,0
7eccdaf4-c413-4dc2-85c5-ae8abe15ad12,U1101,M117,166.43,2026-06-20 13:51:04.641170,0
929d6377-1cfb-455f-82c4-2e488cbadae5,U1133,M114,459.0,2026-06-08 13:40:04.641170,0
8b0901ab-c66d-4eb3-8494-5e091d3ca5a4,U1179,M119,295.85,2026-06-27 02:28:04.641170,0
8ac35ac4-5dea-4737-bdab-3441d2c2a960,U1028,M113,79.07,2026-07-03 19:02:04.641170,0
c28fa16b-0aa6-4cb9-81bc-be59d296a12d,U1150,M118,380.4,2026-06-12 13:36:04.641170,0
37f25d36-8bdd-4ee3-b0fd-6672b80f16c5,U1027,M118,390.87,2026-06-21 00:39:04.641170,0
bc69c155-1a37-46bd-acd6-f011fd61f13b,U1137,M111,439.56,2026-06-20 00:40:04.641170,0
3f5e3b8c-c058-4da5-a757-075bd47f83b1,U1098,M115,288.15,2026-06-29 12:51:04.641170,0
0840405a-ffd2-4491-9ff3-89aa4c36a70c,U1009,M105,141.33,2026-06-14 13:17:04.641170,0
dcb91d5f-593c-472b-8347-dbca7321a8b2,U1158,M119,342.0,2026-06-26 06:57:04.641170,0
dd83ad03-7066-4289-9644-84a0d1151fff,U1009,M112,445.34,2026-06-23 02:14:04.641170,0
cfd7f3b9-c68f-4ba5-9e0d-02b5fe7402cd,U1176,M107,29.4,2026-06-29 15:13:04.641170,0
bcd4344f-cf8a-468e-b5ba-93573ca87f31,U1068,M111,15.02,2026-06-21 19:11:04.641170,0
dc6dafff-59c2-4153-b06b-0f0c96822e22,U1079,M108,422.21,2026-06-12 11:26:04.641170,0
6d9c5b50-a1fd-4187-9c3a-1e0bb5f3f8aa,U1058,M104,153.74,2026-06-28 04:09:04.641170,0
c8ebe27a-23a4-470e-9dbc-15c02a7dc57c,U1198,M110,138.36,2026-06-26 23:23:04.641170,0
ce315937-34fa-42b6-9043-7e4c34e50699,U1154,M102,98.03,2026-06-17 15:03:04.641170,0
88438de2-59cf-4b0d-91f0-647d0f321333,U1104,M115,380.95,2026-06-25 00:34:04.641170,0
2b1ac76c-89ec-4c51-98cb-aa5247f53019,U1014,M116,396.79,2026-06-10 23:50:04.641170,0
4aea1b8f-b43c-4e0a-ba9f-c10e52daf681,U1079,M116,204.68,2026-07-01 20:49:04.641170,0
f3d04ffb-4470-4848-929e-cc924a11be44,U1145,M100,91.0,2026-06-17 03:24:04.641170,0
e67093a0-fc48-4615-83b0-b35cdba6fdf8,U1014,M107,21.37,2026-06-10 07:23:04.641170,0
22b5f457-1860-4d28-90af-b235ade68f51,U1092,M106,140.62,2026-06-29 03:13:04.641170,0
695e5ea9-c923-4c64-8006-2b5bf67839b2,U1129,M112,319.53,2026-06-13 15:28:04.641170,0
46feacd4-fe13-43cd-8f2d-5c15eb346d3a,U1174,M100,124.76,2026-06-30 06:03:04.641170,0
b390b059-207b-4e21-a7e8-d18eddf6d4ac,U1152,M114,92.9,2026-06-29 14:32:04.641170,0
257035db-3fea-490a-a1f8-072dddb7570e,U1150,M117,178.13,2026-06-15 10:46:04.641170,0
3f5fbf4f-d417-4230-9274-ee11b61df906,U1066,M102,146.11,2026-06-25 14:23:04.641170,0
64880945-ad1d-4537-97f3-4368c2efeecb,U1012,M105,427.64,2026-06-17 18:15:04.641170,0
a1e518a2-93d2-48d4-a465-5c397d4d2add,U1056,M107,340.46,2026-06-20 06:04:04.641170,0
600b4b35-6a0a-47d5-a0b8-575544caa5a2,U1166,M113,259.07,2026-06-08 09:53:04.641170,0
cb6ad0c7-a235-4dd4-9355-08d073b5bad5,U1121,M104,325.45,2026-07-05 08:46:04.641170,0
67213a70-17d5-4f59-84d5-98f7e14fe093,U1002,M107,129.93,2026-06-21 21:48:04.641170,0
b1d81887-4739-4c7b-bff3-0c8d83ff3e96,U1182,M108,214.78,2026-06-25 03:22:04.641170,0
7466ef02-5e7b-42c8-a097-dedbefb3b939,U1089,M114,129.74,2026-06-29 05:55:04.641170,0
94fb09f0-53c9-4ae7-bcf0-7bb3f343d9eb,U1077,M116,413.03,2026-06-26 01:57:04.641170,0
d8dff535-c62d-4aea-9e70-bd3000a21367,U1149,M103,8.64,2026-06-25 00:55:04.641170,0
f8ded777-bb1e-4ae8-97d8-21b8bb93cd40,U1143,M119,306.48,2026-06-21 14:10:04.641170,0
b28187c4-aa05-4442-a284-e8fd755cee2a,U1175,M103,243.46,2026-06-23 07:28:04.641170,0
cbb18c79-1036-408d-99a0-90075bb47c18,U1070,M110,431.44,2026-06-19 21:24:04.641170,0
f7d7465d-37c3-43c9-a5d0-b51788d00abd,U1167,M109,98.24,2026-07-01 13:11:04.641170,0
7ea5a387-363b-45cb-9329-37246dfd171a,U1195,M107,450.35,2026-07-05 07:33:04.641170,0
48998e5f-d40e-43ce-92a7-4a4144bed486,U1103,M110,341.97,2026-06-09 03:58:04.641170,0
216e9fe5-93f3-4596-8c1c-8b0556771f36,U1167,M115,498.75,2026-06-19 19:31:04.641170,0
c9ce44bd-7c3f-4add-9a38-5db590eeb067,U1107,M112,197.2,2026-06-09 14:44:04.641170,0
c3231466-aebb-490e-a4e7-51de57ff51d9,U1149,M118,408.93,2026-06-23 14:59:04.641170,0
a04d4d14-197d-4ae1-8bc2-ea720c648ca2,U1185,M107,344.73,2026-06-29 15:47:04.641170,0
042b03ca-75a7-4686-9632-1d31c8acffcf,U1171,M111,256.12,2026-06-15 17:50:04.641170,0
28719b9b-db8f-4e32-adef-50031fce01e3,U1168,M117,94.66,2026-06-12 10:46:04.641170,0
fde91c42-002c-4c22-b4de-5f7070f81dba,U1120,M104,371.75,2026-07-03 10:46:04.641170,0
fee5ce69-33cb-402e-ad84-414df54191ea,U1195,M105,473.73,2026-06-23 06:46:04.641170,0
e1d46f82-21c5-4e41-a8ce-e951b0478ea4,U1167,M102,115.02,2026-06-18 04:06:04.641170,0
dfda35b2-28b2-4f21-8d47-0ed6a6663769,U1190,M109,213.13,2026-06-23 02:03:04.641170,0
17e52113-4626-43be-a068-8849eec71a30,U1095,M108,294.86,2026-06-29 02:43:04.641170,0
1519830c-4019-4303-9c45-7e4da79313b8,U1030,M115,31.57,2026-07-04 13:35:04.641170,0
a61f0b96-e75f-445a-aa1d-3fc65f31273d,U1148,M119,40.25,2026-06-16 20:39:04.641170,0
a0279a18-6576-4410-8d41-ee472a5fda18,U1128,M103,434.41,2026-06-25 09:03:04.641170,0
c156e501-b30e-46e8-b9da-5f8c4e35da80,U1135,M109,209.49,2026-06-14 20:51:04.641170,0
1758d47e-a7cd-4143-ade2-14293bf0d9c1,U1035,M106,174.62,2026-07-03 22:06:04.641170,0
36a2c52b-0047-4139-985d-f528b4258e19,U1117,M104,161.61,2026-06-16 05:09:04.641170,0
97fb613a-21f8-4d06-93f3-cade7a10013f,U1199,M102,246.35,2026-06-16 01:18:04.641170,0
71efe72a-ae13-491e-84fa-4c7239e7a4f1,U1080,M101,7.33,2026-06-20 10:55:04.641170,0
57f479b5-b212-46ee-8210-63710260a123,U1053,M105,290.26,2026-06-15 05:13:04.641170,0
dc3f42e0-fcf7-4842-9edf-3bfad12e0eb5,U1125,M102,69.06,2026-06-27 17:53:04.641170,0
7a4a902f-21d6-4b0f-b1ac-040d6c1cc405,U1162,M113,204.68,2026-06-29 17:36:04.641170,0
16de66c9-6210-4ef6-ba9c-43081221cddf,U1098,M100,23.67,2026-06-17 01:58:04.641170,0
1a6b6a7d-1a38-4ad6-8e53-2ffdbb134f02,U1187,M111,475.28,2026-06-22 16:06:04.641170,0
4c9bff5c-e188-4eaf-9e18-85c35037cd6b,U1193,M116,99.34,2026-06-08 04:40:04.641170,0
d038e153-c601-418b-a1fa-01ba231ae7c7,U1160,M107,117.0,2026-06-23 16:17:04.641170,0
a43e558c-2215-4f00-9fdf-0e05c0cef31b,U1079,M104,55.84,2026-06-30 21:56:04.641170,0
11836c4f-2492-44c7-ad58-db1bfe31537a,U1150,M109,87.67,2026-06-10 02:06:04.641170,0
9c3de1b0-022b-4683-9033-da6587cf63fd,U1076,M109,230.68,2026-07-01 16:27:04.641170,0
59e7703a-70aa-4b0d-aa03-8ad4a667b982,U1152,M116,172.23,2026-06-14 02:18:04.641170,0
bf8e8bfa-a0c9-4a72-b68a-cd40b8f14e3c,U1087,M115,182.83,2026-06-16 13:58:04.641170,0
9db7284b-6965-41d1-ab7e-2e6426c0747e,U1042,M112,14.47,2026-06-18 05:11:04.641170,0
379d58f9-dc26-4108-b140-11a1afc2ccfc,U1186,M104,109.54,2026-06-09 00:06:04.641170,0
23d7e6a1-19b8-44fc-a587-1d8916312fc6,U1150,M116,88.65,2026-06-24 16:34:04.641170,0
bae1e137-96ee-40e5-9f87-3b46c0a0473a,U1182,M101,190.72,2026-06-19 15:33:04.641170,0
6dec6bbd-f697-47a1-99fe-3d53624fea4b,U1197,M117,313.45,2026-07-05 00:53:04.641170,0
3f6eed9d-23cb-4943-8a84-000350834fef,U1012,M103,328.52,2026-06-08 21:43:04.641170,0
3f87dfc2-1591-42f2-a505-da9c46e75a2c,U1012,M103,211.3,2026-06-25 07:30:04.641170,0
b89f3a92-999a-4d86-99db-13028dab66d3,U1031,M117,130.11,2026-06-14 23:25:04.641170,0
f0f7ad22-c76a-4e0f-88f0-91f09b8b38ae,U1052,M100,154.05,2026-06-12 14:27:04.641170,0
d8d994b8-d90f-44e9-86dd-f6cab0c30a59,U1169,M116,138.64,2026-07-05 13:40:04.641170,0
34981735-4d38-4415-a036-35fca88d4108,U1179,M104,212.32,2026-06-12 18:45:04.641170,0
304b2370-8270-4238-9b5f-8f39848b34f0,U1130,M119,63.28,2026-06-13 04:41:04.641170,0
a56b61e0-4ba8-44ca-a449-cb6fbf72ae52,U1027,M115,103.33,2026-06-17 02:20:04.641170,0
cb35097a-e5dd-48f1-88a7-38ab0df83e12,U1199,M108,416.59,2026-06-17 04:26:04.641170,0
62c965b2-7eb0-462a-bd45-74ebf4655a21,U1091,M113,151.2,2026-06-09 19:12:04.641170,0
a3595d1f-7fe4-442e-bdb7-88a61cdcc4c2,U1140,M115,455.63,2026-06-29 21:10:04.641170,0
e3837348-873d-48bd-922d-d7be980bc81e,U1084,M107,6.36,2026-06-12 01:22:04.641170,0
5c70ee97-fca4-4567-8316-d2d6fa4a58ef,U1028,M118,336.17,2026-06-14 19:04:04.641170,0
6307d4d1-21c9-415d-9104-5a16ef15ab72,U1023,M116,42.15,2026-06-12 14:48:04.641170,0
6bbdb66f-9181-4091-96c6-f45cdc5e4e78,U1065,M107,231.09,2026-06-21 11:30:04.641170,0
2c3aacdc-aed5-4a46-8bde-005b5d8babd7,U1067,M114,29.79,2026-06-15 22:59:04.641170,0
fcc4091b-f457-47c6-b894-6a15c34201db,U1010,M109,183.31,2026-06-22 05:43:04.641170,0
965d744f-0445-41a8-92af-97e4c536c66e,U1109,M103,52.02,2026-06-10 02:17:04.641170,0
373aedf8-431e-430f-8387-f74d1149d096,U1002,M104,333.36,2026-06-15 18:24:04.641170,0
f2dcb12b-0f7a-4302-ac2e-28150a3217d2,U1084,M111,447.79,2026-06-20 05:13:04.641170,0
495743a2-81b1-4b80-a5e1-b0f5ca0ee8c4,U1187,M102,189.45,2026-06-23 14:30:04.641170,0
c4615234-8044-4eb2-b66e-dbf4a0ea0251,U1046,M103,203.38,2026-06-28 18:49:04.641170,0
66fba71d-b3a9-4caa-ac6f-6d2e6a59c043,U1069,M112,346.5,2026-06-29 18:32:04.641170,0
89a3c811-895c-4fde-a3fa-40691519fd38,U1107,M105,60.96,2026-06-10 16:13:04.641170,0
15669e36-4708-403b-a716-10c19db54283,U1040,M103,210.93,2026-07-04 21:25:04.641170,0
ebc1bb52-82e4-4d4a-943a-c1c54f560ed5,U1123,M118,340.8,2026-06-16 06:09:04.641170,0
27c6cbb1-cedd-469d-b96c-9a0a3404c02a,U1156,M112,390.69,2026-06-09 07:38:04.641170,0
9620bee6-6406-4ace-93a5-e8508950ddd6,U1175,M104,244.12,2026-06-30 05:19:04.641170,0
a65be22b-d5a3-46d9-8362-a810a2611b8d,U1028,M113,223.14,2026-06-10 21:20:04.641170,0
4f67448e-10ec-4b1f-a4a5-c736ae59aa52,U1066,M110,11.12,2026-07-01 21:24:04.641170,0
f413db19-bade-4d5d-afff-15ccb2dc6c34,U1196,M118,363.27,2026-06-18 04:49:04.641170,0
3e9639ba-0ed2-4c9d-bd17-5712d8b22277,U1171,M110,261.95,2026-06-12 08:11:04.641170,0
1db14bfc-6f3a-4115-acb4-678c16120aa6,U1110,M107,243.56,2026-06-25 12:33:04.641170,0
0e165b12-9bdc-40d1-9cbf-7b8c74102d5d,U1038,M117,446.57,2026-06-10 11:46:04.641170,0
a8761e85-bddf-403a-aa84-30f84f2da233,U1002,M105,255.26,2026-06-29 08:45:04.641170,0
033e02f7-1e93-4127-acf7-2140bd9bc648,U1126,M105,42.06,2026-06-30 09:10:04.641170,0
02e7df89-b395-4a98-a320-4ff5b538f96c,U1082,M107,168.79,2026-06-20 15:59:04.641170,0
58c1aad6-f3f8-4ea4-bf14-eafa29f0ef7c,U1012,M116,115.24,2026-06-25 05:44:04.641170,0
d28fcf68-c871-47b3-8468-b74d85e3ade5,U1103,M107,44.02,2026-06-28 05:20:04.641170,0
5f32d5d8-2abe-4585-825e-0259b88416d2,U1146,M114,48.57,2026-06-30 16:36:04.641170,0
df9b141e-c7f7-4da1-bff1-5840207e863f,U1114,M110,63.76,2026-06-30 15:25:04.641170,0
1e38f711-e2ec-43f4-bba1-aed944cdbfdd,U1190,M100,55.81,2026-06-26 18:33:04.641170,0
55c34853-0783-443c-a65f-ad87c57c7498,U1009,M117,276.8,2026-06-12 03:26:04.641170,0
861b4f5b-45a0-4539-ade8-370ace9e9ebd,U1154,M119,320.58,2026-07-01 03:24:04.641170,0
f99cea5c-b65a-40f1-8350-ab061059ea28,U1143,M106,329.03,2026-06-28 18:28:04.641170,0
7f0386fa-13ba-4c91-a0a5-fde6939f71a2,U1087,M111,413.53,2026-06-18 03:39:04.641170,0
0e3141ec-5c31-4464-82c2-99f07487d772,U1116,M110,282.27,2026-07-05 07:28:04.641170,0
2ab8bd33-911f-430b-9bff-00b07fe670f3,U1121,M111,359.38,2026-06-13 04:42:04.641170,0
c5f8e2f8-414f-4994-a845-77805e20c957,U1024,M107,6.09,2026-06-24 04:04:04.641170,0
ac93281a-92eb-4ab0-a4ee-c67c1a57f9e4,U1162,M109,276.11,2026-06-25 00:33:04.641170,0
bda3c162-3a78-464a-9d86-80cbb90800f3,U1179,M103,27.66,2026-06-15 11:28:04.641170,0
dbd30aec-0b46-4173-80a8-547382425912,U1126,M104,411.81,2026-06-26 15:08:04.641170,0
0bc57207-3e9a-4c86-8325-4fbddce8e1c5,U1027,M108,307.37,2026-06-16 13:00:04.641170,0
eb93f78c-620a-4158-9d2d-904f78c59073,U1030,M112,111.72,2026-06-16 16:19:04.641170,0
f5d8fb91-ee60-41ac-add0-622e266bf2ea,U1183,M110,58.34,2026-06-26 20:52:04.641170,0
cd98f9e2-8d88-4beb-890d-9655db842660,U1011,M118,65.99,2026-06-28 12:14:04.641170,0
a7dc2bc0-bd9c-4693-b6ca-1127e9f87970,U1117,M118,478.31,2026-06-14 03:13:04.641170,0
3f8e2d0d-5261-4dec-b979-d5f56b5bc975,U1127,M100,267.53,2026-06-10 05:13:04.641170,0
51e744e4-b864-4a08-aa75-752d6a8fcacb,U1141,M113,420.21,2026-06-29 23:39:04.641170,0
92502e59-13f0-4822-9374-8a1145712959,U1130,M105,347.45,2026-06-15 21:50:04.641170,0
ac5f12ef-8085-4147-9e91-0f365f705b25,U1187,M104,56.26,2026-07-05 08:07:04.641170,0
3922a7e4-2de9-42f8-8d7b-ec04e6e59b32,U1155,M110,254.53,2026-06-25 12:19:04.641170,0
0bc1f9e5-fb3d-4063-8409-c5eacde918b3,U1107,M119,458.38,2026-06-19 07:18:04.641170,0
e0827f76-11a5-49b4-a6a3-02d6f43e8c48,U1070,M112,481.98,2026-06-21 09:28:04.641170,0
c605e58a-4845-4343-9db4-49dc77106966,U1115,M104,73.4,2026-07-05 10:17:04.641170,0
161d5c87-53c9-4e59-8f89-e3b2d847dc53,U1179,M116,152.96,2026-07-02 22:31:04.641170,0
5e717fca-020a-4497-b4ed-51458d9765c7,U1080,M117,318.13,2026-06-17 03:35:04.641170,0
c8d57717-9055-436f-8aa5-f9d3335f2f59,U1053,M119,358.62,2026-06-23 17:19:04.641170,0
3e19fc1d-9f6a-4a65-bd54-da044dcd0009,U1172,M104,490.76,2026-06-16 02:23:04.641170,0
f8cbab4c-9779-4e84-9e47-2e2276c3e642,U1128,M117,348.68,2026-06-22 16:17:04.641170,0
c6a07656-c5c9-4b91-bf6e-f9ed7e4ce29f,U1181,M103,381.58,2026-07-03 14:19:04.641170,0
8beb4e78-e683-43a3-bb82-b7963207343e,U1122,M118,287.47,2026-06-27 00:09:04.641170,0
268b84b6-3ec0-4285-8bc4-ec0ec2aef674,U1172,M117,146.53,2026-06-27 05:31:04.641170,0
061efb95-68f8-4063-aeb1-9ad201a1fb0f,U1003,M116,57.7,2026-06-25 08:10:04.641170,0
a2cd1590-58af-493c-8aa2-b4c93ba5bd76,U1037,M101,336.78,2026-06-17 02:30:04.641170,0
0274ce40-e090-46b6-b186-a5a8d6ee526b,U1068,M105,491.85,2026-06-19 09:50:04.641170,0
c2492e5e-005f-40e6-95c3-b2dbf374190d,U1037,M101,346.84,2026-06-21 10:32:04.641170,0
bcf2fc3b-d958-44c2-a053-8c1ba84510a1,U1052,M117,20.99,2026-06-28 14:31:04.641170,0
34879e41-1a9c-472a-8eb9-047dba2ac3d9,U1026,M119,434.68,2026-07-03 13:53:04.641170,0
6b790d01-3cf8-4d20-bbad-793f87a1ec02,U1057,M117,197.5,2026-07-01 06:13:04.641170,0
f8f9a45d-0f55-4896-b610-396b7df59abf,U1178,M109,348.0,2026-06-10 03:28:04.641170,0
47a2a10b-b62e-4b49-a472-96a4ff38b918,U1097,M112,211.2,2026-06-22 05:40:04.641170,0
3b41c943-ebd8-43b1-8b3d-0c3617d09810,U1141,M101,11.42,2026-06-19 10:41:04.641170,0
69be173a-850e-40ad-9872-f72ee5b4a1ae,U1051,M119,435.08,2026-06-28 04:06:04.641170,0
755d814b-5f5b-4255-a544-9887b36ab3ed,U1057,M111,378.78,2026-07-02 21:12:04.641170,0
94ad6252-15bc-4a3e-bf76-55d7f97c6c3c,U1189,M119,102.25,2026-06-16 19:31:04.641170,0
a3209116-222d-46a4-8163-b6ce1877bc06,U1075,M114,92.83,2026-06-11 09:30:04.641170,0
97867b12-1328-4726-a4f4-34d6d1e91691,U1047,M105,368.86,2026-06-13 10:31:04.641170,0
a995ecc3-6f5b-49a6-8ff1-c51f915cb31b,U1096,M101,217.11,2026-07-03 08:07:04.641170,0
4aab47b2-3c9d-428a-a176-1930f6d70248,U1067,M104,84.66,2026-06-19 14:42:04.641170,0
ed1115d7-50a4-4c85-99d5-7b0242d04d55,U1001,M110,235.83,2026-06-15 01:15:04.641170,0
d4f76322-b362-40d2-a498-8bdecd0254db,U1010,M104,464.67,2026-07-05 04:07:04.641170,0
73e7f042-516c-4b0a-9385-3918bc4015fa,U1013,M119,422.35,2026-06-21 17:06:04.641170,0
f18cccdc-131e-4723-bbcd-f203459ee674,U1125,M118,277.33,2026-06-11 07:46:04.641170,0
c5285425-c7a9-433c-a2d8-39d333e4f986,U1181,M110,265.07,2026-06-16 09:00:04.641170,0
1b0c62eb-27c8-4c6c-9be5-a4c395af6d0c,U1133,M102,394.2,2026-06-15 06:14:04.641170,0
50647c59-774f-4354-b316-ce642a147a96,U1106,M117,270.83,2026-06-12 04:35:04.641170,0
5bb8b9c8-8932-49f3-9ee8-9a4c681134e2,U1089,M107,442.28,2026-06-23 02:40:04.641170,0
73b0d676-3527-45c8-8534-ca08f6f24d1c,U1084,M111,150.32,2026-07-02 03:36:04.641170,0
da3c45ca-43d7-4f2b-b69d-e1e34eed4124,U1121,M117,412.73,2026-06-08 09:46:04.641170,0
cebeabaa-2859-4b34-9725-d2c71eb2a7b8,U1029,M111,225.61,2026-06-19 02:29:04.641170,0
b46788bd-d38e-43e4-8de1-087bafa14a55,U1010,M110,193.78,2026-06-13 04:00:04.641170,0
370b9a29-0a53-4df9-9a72-083cb266986c,U1098,M108,272.42,2026-06-20 21:05:04.641170,0
25f88c74-53ea-4919-9b48-62c2d5ff2a1f,U1006,M116,411.94,2026-06-25 01:43:04.641170,0
f7e9101d-3f8b-4433-b60e-695c1759ba96,U1131,M116,225.55,2026-06-10 00:03:04.641170,0
0c880714-8372-47e0-a570-46ea5b11f51f,U1075,M106,163.55,2026-06-11 18:06:04.641170,0
d1f16485-429a-4a7c-8c80-d33aad5be3c8,U1024,M105,485.96,2026-07-02 11:46:04.641170,0
f3bc9a71-07f4-4ee5-ac82-989ffd9cfbb0,U1136,M100,315.33,2026-06-17 14:23:04.641170,0
8e52fc42-73c3-44a6-9ac7-26b667863fb3,U1171,M106,433.15,2026-06-27 07:30:04.641170,0
183fea70-3ff6-479e-8cd4-b90abf8211bc,U1026,M106,271.19,2026-06-27 19:33:04.641170,0
cb371d97-cdcc-4d6a-9a16-998c7648776e,U1165,M102,374.71,2026-06-15 00:06:04.641170,0
0fc98d2e-030f-4be9-9f17-8f9323c97a1e,U1006,M114,359.85,2026-06-09 17:32:04.641170,0
38e7e019-fb89-46c8-87ec-fe71d49347fc,U1022,M102,31.86,2026-06-19 11:19:04.641170,0
668c879b-d2dc-42c8-b2b8-d8aa21768dd7,U1142,M102,289.61,2026-06-18 08:48:04.641170,0
f004e897-a15b-4e18-afb0-64065f4b1a97,U1066,M113,197.08,2026-06-26 09:55:04.641170,0
960be0f4-9513-4c22-9583-9b99a50a13dc,U1110,M110,13.36,2026-06-13 09:23:04.641170,0
13325c31-d010-418a-aadc-9960424211e2,U1136,M100,322.5,2026-06-10 21:14:04.641170,0
329fc417-1081-4d45-bf45-f8a20594b24f,U1193,M118,27.53,2026-06-11 07:27:04.641170,0
cf2e3296-7184-4713-a55f-65b7e709fba6,U1091,M116,57.54,2026-06-21 17:19:04.641170,0
d8e70aeb-e7b3-4085-978b-e96820f87ba2,U1155,M102,144.35,2026-06-27 22:13:04.641170,0
1f5df912-54e0-4431-8f13-3b65d450afa2,U1097,M112,411.95,2026-06-09 09:49:04.641170,0
0cf697a5-7603-436c-b139-4e3c0aee2557,U1121,M105,269.07,2026-06-14 05:07:04.641170,0
6ee35607-92ea-4324-ac93-e5962b015723,U1191,M112,399.4,2026-07-02 20:14:04.641170,0
7f0223bc-651e-4252-b974-4cded259f960,U1075,M104,152.54,2026-06-24 23:43:04.641170,0
6d39da75-aee7-4ab2-a1fa-8e7a078c26ce,U1002,M117,438.01,2026-06-14 10:35:04.641170,0
e886a011-36f7-426c-9a9c-06792c3d17e2,U1031,M101,7.49,2026-07-05 03:52:04.641170,0
722dce13-47a4-4c42-8665-34972fe922aa,U1100,M117,276.03,2026-06-11 21:08:04.641170,0
9d3616a1-08de-4921-a60c-b547e2280fe3,U1078,M106,375.41,2026-06-23 15:44:04.641170,0
a5b40983-3eeb-404a-9df2-372e9e825aae,U1054,M113,453.29,2026-07-01 08:00:04.641170,0
e1fdc6d1-6978-4221-bfb7-5c574b8c031f,U1036,M105,96.08,2026-06-19 12:13:04.641170,0
1674eb65-0f9c-4300-baa1-c5678cf9eea9,U1049,M103,94.77,2026-07-03 19:48:04.641170,0
6b52f93c-2321-464e-a20d-4a1f479f6628,U1013,M117,233.33,2026-07-03 00:32:04.641170,0
cc152a1b-e278-4642-a484-e035330faaa3,U1018,M109,337.48,2026-06-19 09:59:04.641170,0
fe7c80e9-a179-4e93-bfc8-25ac869bc00f,U1025,M106,364.17,2026-06-30 04:18:04.641170,0
04ffeab2-cb7b-4b3a-8b2d-158acd5ae324,U1084,M111,68.47,2026-06-18 16:20:04.641170,0
b69f75c5-c82b-41be-a1eb-64e6fd498e20,U1025,M109,311.66,2026-06-16 19:31:04.641170,0
c80c2195-8b65-44ce-bacc-99705beec570,U1081,M115,228.07,2026-06-21 22:02:04.641170,0
90ce82e8-e9a5-4368-9812-9eb27c13f47a,U1177,M118,80.44,2026-07-03 19:19:04.641170,0
453b45fe-636c-4499-9254-aad3809cd839,U1093,M110,479.54,2026-06-15 16:21:04.641170,0
98dc9e0b-51a1-45df-86ac-10102e0869c1,U1001,M110,126.86,2026-06-18 02:07:04.641170,0
cf89569d-e550-4736-8780-6e713811b519,U1182,M113,141.96,2026-06-24 08:49:04.641170,0
cf03f0c8-0eff-45bd-87eb-340dc74e48ff,U1034,M110,439.55,2026-06-29 01:43:04.641170,0
5b80b8d1-8788-4fed-b8c0-4ed8fdd4ff21,U1114,M111,388.51,2026-06-30 04:04:04.641170,0
3b964c74-ffe6-4994-9580-4c2ac44fc4b8,U1141,M103,92.01,2026-07-05 14:45:04.641170,0
3f738f50-19a2-476f-a8dd-2bfdf956be95,U1020,M108,430.06,2026-06-14 09:05:04.641170,0
889fe107-443b-4d0f-bdbc-3093a8284442,U1137,M106,135.3,2026-06-11 11:41:04.641170,0
bcaff931-ead1-4464-8a8e-858cd0f81063,U1186,M102,446.59,2026-07-01 02:08:04.641170,0
f2a32efd-ff13-4c80-8398-c3320e500785,U1161,M100,407.26,2026-07-04 08:28:04.641170,0
fb8fe8c4-d8b4-4ead-9360-8edf382b5b86,U1103,M118,110.32,2026-06-09 16:12:04.641170,0
ef69a980-5ad4-49ef-a36f-a890cc21cbdb,U1141,M108,274.02,2026-07-02 13:38:04.641170,0
2c78644f-d860-45a2-bdd5-b0f8d6d744fd,U1120,M104,186.08,2026-06-18 04:04:04.641170,0
5168bbf2-97af-4bde-bc8e-9d782d14e9f4,U1197,M118,367.95,2026-06-21 06:00:04.641170,0
5bd93609-b297-4782-bcf4-74aace63cb1a,U1034,M114,253.06,2026-06-12 03:04:04.641170,0
b4157cea-0738-4ba4-9770-a3dbe9fa97e2,U1101,M111,253.57,2026-06-18 21:05:04.641170,0
91519998-f293-4585-9a07-d758b357f3f9,U1157,M105,379.82,2026-06-14 09:29:04.641170,0
f2c84743-9027-4770-a460-d0d2904883c1,U1114,M105,93.68,2026-07-03 18:11:04.641170,0
cf767343-fced-4994-9631-c383303014d0,U1168,M104,369.28,2026-06-30 00:16:04.641170,0
8ac8ad93-7e02-421d-b86b-543ae1b243cc,U1091,M101,113.32,2026-06-30 04:48:04.641170,0
09b7fdf7-7d8d-4ddd-acf1-49cb4f1e1a37,U1059,M102,135.86,2026-06-18 15:46:04.641170,0
9a069295-3b8d-4447-8e61-065f171b1b80,U1010,M106,261.35,2026-06-24 10:44:04.641170,0
7a5d7c82-86c5-447c-851a-00393803dcee,U1099,M115,459.36,2026-06-10 02:53:04.641170,0
9d37efb6-eafb-4e90-94ec-84ce002ccb25,U1010,M110,56.1,2026-07-01 17:38:04.641170,0
573bfc17-2167-435e-8e73-34f233932b6c,U1162,M108,418.26,2026-06-19 23:46:04.641170,0
cd6bb03b-eb35-47a0-ad6e-0291b7893986,U1148,M117,287.23,2026-06-25 03:34:04.641170,0
0f3f0f48-52d6-4779-9e43-79cbd8230076,U1167,M112,185.82,2026-06-11 13:11:04.641170,0
b466fab6-962c-44dd-a5d0-7461059c1574,U1132,M108,191.28,2026-06-18 03:37:04.641170,0
1c654aa2-c63c-421d-a443-5958eacf33a9,U1132,M112,179.68,2026-06-23 17:02:04.641170,0
5d696bc8-dc54-459b-86bb-42c7d8b2f8b6,U1124,M115,444.15,2026-06-08 07:22:04.641170,0
b45c9a54-5fa3-4531-9291-6e60f5e72daf,U1128,M104,222.75,2026-06-18 11:22:04.641170,0
96053035-6545-4030-a981-fa54f121e129,U1019,M116,323.52,2026-06-17 15:11:04.641170,0
52961fb3-4d40-4b28-9628-ddcd19dd3e8c,U1038,M105,82.89,2026-07-05 09:44:04.641170,0
bb7b6c05-2852-4ca2-b9d2-014a22ee7f07,U1183,M103,332.25,2026-06-26 21:02:04.641170,0
a3a6ef83-cab6-4107-afd6-9b3af2dd9456,U1084,M103,243.35,2026-06-29 19:09:04.641170,0
51397c06-a630-4d9d-bcb9-23f5f5edf382,U1122,M106,297.44,2026-06-26 16:58:04.641170,0
8fddbebc-f7ff-48d4-b509-f08a2c988bca,U1005,M107,26.36,2026-07-04 02:34:04.641170,0
9d1c0838-edc8-4ca8-a3bc-d6f3b18d2c8c,U1151,M105,71.69,2026-07-01 08:06:04.641170,0
aa604892-3926-42e9-9b58-eb49c9784b52,U1010,M118,77.7,2026-06-15 13:51:04.641170,0
60ddc7f1-2ce3-4822-9080-12b896c56fe7,U1066,M105,260.74,2026-06-26 11:01:04.641170,0
4b657bcc-b041-4f19-bbe7-18354e8bf78a,U1153,M118,320.62,2026-06-20 21:46:04.641170,0
0075d3d5-ba94-4a66-ad7e-4a452099e71f,U1021,M106,227.36,2026-06-29 11:04:04.641170,0
92a54d04-f2dd-41f5-b3b6-d344f2e3c6f0,U1123,M105,113.59,2026-06-26 16:50:04.641170,0
c55523ed-fe89-46c8-99cb-3540643ffdae,U1153,M104,398.33,2026-06-16 06:49:04.641170,0
2e9ce8ff-084a-4c4b-9146-8cdcf7164b73,U1159,M116,135.94,2026-06-23 14:27:04.641170,0
cf0df860-ebc9-4914-9176-a9d19a3624d6,U1116,M119,297.35,2026-06-18 11:11:04.641170,0
a3bfe403-388c-4751-9c83-79aef7b02805,U1096,M112,70.45,2026-06-08 18:15:04.641170,0
7f05fbf5-efca-4577-9aa6-f7cb90c7e6ac,U1051,M116,430.5,2026-06-30 23:03:04.641170,0
13eb22c9-bece-421a-94c7-743b2401342a,U1175,M113,414.12,2026-07-05 13:32:04.641170,0
51cbf9e5-fb7d-4ba1-98c8-8c483ced4d1f,U1024,M105,240.56,2026-07-05 07:19:04.641170,0
f68c62e6-e2a4-4909-a2dd-22d52afaab7b,U1009,M117,254.15,2026-06-13 08:31:04.641170,0
ab86bafd-b57e-4883-9258-6d9016b6bf61,U1023,M115,331.4,2026-07-05 11:19:04.641170,0
55f3ad50-e2fb-4984-bab2-7bcea39c3bd5,U1138,M100,449.0,2026-06-27 15:28:04.641170,0
35adde88-43e4-4668-82ea-d2df725656e3,U1133,M113,188.34,2026-06-09 23:36:04.641170,0
59b9222c-115a-4fac-b173-fcdf3fe1e8f3,U1178,M116,217.33,2026-06-29 22:46:04.641170,0
b86d066b-1ba8-47c6-897a-24ad41b455b8,U1196,M112,178.51,2026-07-04 05:26:04.641170,0
702f31e5-62cc-4604-8c53-644b0053f649,U1025,M113,71.27,2026-06-29 17:19:04.641170,0
2a9527f6-f817-4ebf-ab6e-64c5bb8aa843,U1196,M107,455.49,2026-06-11 19:43:04.641170,0
e1bbb8cd-7e3a-4f07-a9fd-28e6e271fff9,U1072,M119,439.0,2026-06-26 14:31:04.641170,0
6016c743-8bc8-4a02-99ea-493660f34ebc,U1065,M106,7.71,2026-06-08 07:56:04.641170,0
c9ea356a-7abf-4ebf-942c-b1ae19f738cb,U1147,M116,63.33,2026-06-08 08:01:04.641170,0
c21c3fb3-a6a5-40ff-93fb-71d0dd326d9c,U1096,M106,345.44,2026-06-22 09:12:04.641170,0
7387928a-29a3-4b6d-b9bf-ca38afe9be90,U1104,M111,57.76,2026-06-27 09:33:04.641170,0
088dbd82-d883-43f8-8c98-03de12de9e5a,U1166,M118,130.55,2026-07-02 09:44:04.641170,0
42d943ee-5197-4e75-8523-d4fd4b7f2183,U1108,M118,185.99,2026-06-20 13:09:04.641170,0
5780be17-12fe-4c2b-9acf-42c5f3a02120,U1174,M112,378.71,2026-06-26 19:31:04.641170,0
29310971-601e-4211-a34f-76b42b8c03bf,U1141,M117,243.82,2026-06-24 20:32:04.641170,0
f11c0ac5-8c0b-493a-9333-5bc9bb635ff5,U1143,M117,244.46,2026-06-21 23:06:04.641170,0
5683ede0-17d5-4563-ba60-ede1e5eb772d,U1147,M111,388.23,2026-06-26 03:01:04.641170,0
e4aa786d-9d17-4218-bc3b-0de5981262ac,U1188,M104,428.22,2026-06-13 10:14:04.641170,0
6e6b34b9-07ef-4ba8-b45a-6ab37b94a34d,U1191,M107,226.06,2026-06-15 08:53:04.641170,0
9b792afa-2a3d-418d-a754-a29ff143e545,U1025,M106,256.63,2026-06-23 09:49:04.641170,0
0db5d441-2837-4418-af27-c1b9e3c6dedb,U1140,M119,350.04,2026-06-10 09:01:04.641170,0
f9722cc1-349e-44a9-94c2-9d5c19ec0829,U1041,M112,482.46,2026-06-08 05:56:04.641170,0
8dda4ff2-b27b-4bb4-a8c6-90b230a2cee8,U1023,M104,238.48,2026-07-05 07:47:04.641170,0
8a45a905-badf-4397-acf2-6429b8d77d2f,U1111,M102,36.72,2026-06-18 02:23:04.641170,0
4c2272f3-4811-4562-a91c-f19243e8644b,U1094,M102,306.47,2026-06-25 11:57:04.641170,0
64953d5f-0cb4-4891-988d-f23b3ccff6eb,U1102,M119,329.81,2026-06-21 01:04:04.641170,0
7daec949-d700-4461-8cb6-b0ba925f8199,U1182,M119,33.44,2026-06-15 23:36:04.641170,0
00fa0eb4-5c5f-48d4-8df4-07b82751ab86,U1163,M115,222.29,2026-06-17 04:29:04.641170,0
d2eaef18-4b67-47a1-966e-cfe36d779595,U1168,M116,146.57,2026-06-09 12:52:04.641170,0
7af6cd41-99a7-499b-a005-f5e1a97a2846,U1153,M116,260.33,2026-06-18 13:12:04.641170,0
34fadee1-0696-4d48-98d4-2238331de35c,U1157,M105,338.64,2026-06-24 09:05:04.641170,0
fa207403-4ab4-47e3-a360-76812bbba89d,U1061,M100,487.94,2026-06-11 23:01:04.641170,0
1d91fe39-d801-4004-b93b-ed1b14f9c394,U1070,M112,179.8,2026-06-25 23:46:04.641170,0
788fd0cd-65c0-4b93-88ed-abdd4ef03f80,U1103,M118,104.15,2026-06-08 16:57:04.641170,0
43d75413-a939-4bd1-a516-b0d47d3572cc,U1188,M102,459.99,2026-07-03 00:28:04.641170,0
6334fa2a-8b4b-47e7-a451-5ae01754bf08,U1072,M117,457.93,2026-06-23 20:22:04.641170,0
61a66444-e2af-4629-9efb-336e2f546033,U1088,M108,117.02,2026-06-16 20:38:04.641170,0
0b6c03c8-721e-4419-afc3-e6495e911b91,U1116,M112,289.58,2026-06-19 21:21:04.641170,0
436e3c49-770e-49db-b092-d40143675d58,U1044,M113,255.59,2026-07-03 10:20:04.641170,0
907276ea-44c0-4a9a-964a-cb1f39eb038a,U1018,M116,150.65,2026-06-13 07:58:04.641170,0
b24beb96-c092-4b74-a6b0-7ff60fc79913,U1131,M108,438.68,2026-07-04 04:06:04.641170,0
ab0b4cc5-15f0-4a19-98c1-80d2aadf3692,U1064,M114,483.2,2026-07-03 15:17:04.641170,0
69fb0763-8a9c-46f7-8ee4-e5125802b640,U1123,M107,379.95,2026-06-28 21:21:04.641170,0
3a3e46b0-96f8-4ff7-81a7-2883f8802878,U1174,M114,448.78,2026-06-09 06:02:04.641170,0
6319629b-d73e-4bb9-8f9c-a17b8db8dadf,U1123,M103,132.62,2026-06-25 10:08:04.641170,0
f7336094-6b2b-48b9-85c7-f3bed183010f,U1162,M107,340.07,2026-06-18 11:18:04.641170,0
efb56207-ddec-440b-afe3-af13891778e8,U1080,M113,477.95,2026-07-01 12:19:04.641170,0
3c53090e-e1b4-4171-929d-674d798e175f,U1137,M100,351.91,2026-06-19 23:48:04.641170,0
6511e61a-1436-45f5-8c81-926079ec533c,U1063,M109,51.04,2026-06-23 13:42:04.641170,0
08e3f771-b6dc-4d05-9a9b-ccc1e71c681a,U1019,M117,466.04,2026-06-29 16:41:04.641170,0
844e250b-e684-490c-923b-78208089b8c5,U1080,M111,113.19,2026-07-04 02:48:04.641170,0
fb95d0fc-ad72-4d05-924c-de09ccea5031,U1068,M105,473.82,2026-06-16 15:52:04.641170,0
f3025d16-1eca-4ae9-a5bf-213d9eca381b,U1127,M106,121.26,2026-06-19 00:33:04.641170,0
f2f5b176-2c41-4bd3-b2f4-44abc1d71f4a,U1067,M106,118.46,2026-06-19 08:54:04.641170,0
363e6ef4-f8df-4c3a-aacb-4fbdfbff8a7d,U1158,M111,82.22,2026-06-12 20:41:04.641170,0
0aeccec7-204d-49da-b156-7f2acef74829,U1030,M102,339.53,2026-06-30 10:17:04.641170,0
aee14f87-fcff-49e3-940f-f5896c624c2c,U1157,M100,383.3,2026-07-02 15:36:04.641170,0
d2938e6e-ff4d-4930-b3b0-fb536f75ee8a,U1010,M115,188.74,2026-06-22 08:41:04.641170,0
98550b1e-d588-4c1c-a5db-5946a091e5b4,U1126,M118,435.04,2026-06-30 08:15:04.641170,0
ba236c22-e92a-4b97-91db-1a374204d733,U1046,M116,143.73,2026-06-18 02:45:04.641170,0
16476e3f-1127-4207-8eae-1325ea074d80,U1192,M118,68.48,2026-07-01 22:24:04.641170,0
8d536c75-65b9-4e94-8e6d-e263635a775d,U1108,M115,470.13,2026-06-09 11:44:04.641170,0
850a48d4-46b5-48de-9b4b-b8eb537d0bd1,U1128,M111,199.89,2026-06-15 23:05:04.641170,0
032a461a-df9b-4c1f-aacb-1f6d7549c9f9,U1117,M103,350.63,2026-06-28 22:41:04.641170,0
966b62ea-9f80-496b-b34e-356ac95b61f8,U1080,M100,10.85,2026-06-17 14:21:04.641170,0
1cce08e9-6b6a-4061-881c-8d3185c69fbf,U1097,M118,54.87,2026-06-24 11:07:04.641170,0
910c4cb7-25f0-4b0a-a64e-f59d6a18e5af,U1156,M108,97.64,2026-06-19 23:16:04.641170,0
f6ff3521-c225-4530-952a-53459682d9ff,U1060,M108,238.32,2026-06-23 14:55:04.641170,0
1b0ae22e-ecc8-47a6-99a6-f80ef08ce6c2,U1093,M105,251.89,2026-06-17 14:07:04.641170,0
c926a021-19da-4262-8790-3dc5900c0af7,U1107,M111,185.71,2026-06-26 05:43:04.641170,0
e1509425-891f-4683-9e12-dbf1493d6196,U1071,M114,94.05,2026-06-13 23:24:04.641170,0
439e754c-6930-46ea-a0bd-a1ee5807cf74,U1147,M107,408.02,2026-06-20 07:01:04.641170,0
92701d60-7c4f-48e4-a7a0-2a3d620f230b,U1060,M117,218.95,2026-06-25 08:11:04.641170,0
2c154804-0997-49a3-b919-955c9be4f19f,U1050,M104,401.02,2026-06-14 19:30:04.641170,0
9e45455e-24d3-4751-a729-4d3c46818a88,U1121,M100,92.42,2026-06-30 17:51:04.641170,0
66d71d97-b193-48b8-ae49-c0799bd0d4c7,U1034,M116,269.32,2026-06-22 09:01:04.641170,0
e1035e1c-e3bb-42ae-a552-ac5309eda6f5,U1124,M109,129.23,2026-07-03 20:23:04.641170,0
0c9e5550-3cd1-4f3f-b0c5-827854dccba5,U1012,M112,53.99,2026-06-15 10:34:04.641170,0
44c1f1b5-ebbb-4763-b9a7-e63bbee975da,U1015,M106,407.84,2026-06-29 16:40:04.641170,0
567e642e-052d-4b9a-9f58-4603e5a3d8e9,U1161,M103,227.68,2026-06-23 05:42:04.641170,0
4f9a5f98-4d95-4273-8b2c-c805d1403430,U1066,M111,183.35,2026-07-03 09:05:04.641170,0
dbb54645-7dda-41b6-97c4-caed47c4cc51,U1065,M111,14.82,2026-06-13 12:35:04.641170,0
f8f58a26-1924-4644-af52-7666b23909f4,U1089,M119,103.48,2026-07-04 05:11:04.641170,0
4cec495b-2267-46e3-ba5b-6ac5de703b72,U1166,M117,91.4,2026-06-20 23:02:04.641170,0
c626e38f-716f-4276-be64-ac2af96671a5,U1090,M110,338.23,2026-06-30 04:38:04.641170,0
ba92992e-44f8-453c-9224-6d05d3692867,U1195,M119,8647.69,2026-06-28 08:20:04.641170,1
16db80db-a543-448e-9adf-e9816ab19e15,U1195,M119,9336.91,2026-06-25 08:23:04.641170,1
e9d6bb7e-361d-4014-b114-56de301c8db3,U1195,M119,7681.37,2026-06-29 02:42:04.641170,1
7c059799-bdae-4eff-a83c-510ed2efa93b,U1196,M119,7789.64,2026-06-14 14:22:04.641170,1
5fb8944d-de00-48aa-8439-6fc0c26e2706,U1196,M119,9208.68,2026-06-23 08:41:04.641170,1
ca9f1d59-83e8-4700-8e63-813ed22e3226,U1196,M119,6530.48,2026-07-04 00:32:04.641170,1
b5a6571c-4fa5-435e-90cc-460428b26b1b,U1197,M119,6428.23,2026-06-11 06:05:04.641170,1
c7cfeca8-22b9-424c-a744-3fb881bd55d5,U1197,M119,4474.59,2026-06-23 15:29:04.641170,1
9194821e-e11b-40d4-8637-9f04d9ee7dc9,U1197,M119,5369.08,2026-06-22 10:16:04.641170,1
e00bd534-3158-41fb-ac7a-0d3107692583,U1198,M119,7917.43,2026-06-20 04:19:04.641170,1
0ec0ad4b-d644-4a9d-b362-d476d53ae57f,U1198,M119,7631.7,2026-06-26 00:06:04.641170,1
0cf173f9-74d9-41f5-8877-58043fde9814,U1198,M119,5627.22,2026-06-28 06:06:04.641170,1
32f8dbab-b462-43e8-9c41-8a83eb04159c,U1199,M119,8685.06,2026-06-24 12:50:04.641170,1
76d70561-d2d1-4ef5-9e4c-4fd1462363a9,U1199,M119,8486.63,2026-07-01 17:10:04.641170,1
ec4e8cbb-a2aa-478c-a59e-0258814ff657,U1199,M119,9792.19,2026-06-26 20:21:04.641170,1
