user_id,name,kyc_status,risk_tier
U1000,Allison Hill,Verified,Low
U1001,Noah Rhodes,Verified,Low
U1002,Angie Henderson,Verified,Low
U1003,Daniel Wagner,Verified,Low
U1004,Cristian Santos,Verified,Low
U1005,Connie Lawrence,Verified,Low
U1006,Abigail Shaffer,Verified,Low
U1007,Gina Moore,Verified,Low
U1008,Gabrielle Davis,Verified,Low
U1009,Ryan Munoz,Verified,Low
U1010,Monica Herrera,Verified,Low
U1011,Jamie Arnold,Verified,Low
U1012,Lisa Hensley,Pending,Low
U1013,Michele Williams,Verified,Low
U1014,Dylan Miller,Verified,Low
U1015,Brian Ramirez,Verified,Low
U1016,Holly Wood,Verified,High
U1017,Derek Zuniga,Verified,Low
U1018,Lisa Jackson,Verified,Low
U1019,Carla Gray,Verified,Low
U1020,Margaret Hawkins DDS,Verified,Low
U1021,Patty Perez,Verified,Low
U1022,Ethan Adams,Verified,Low
U1023,Tommy Walter,Verified,Low
U1024,Matthew Foster,Verified,Low
U1025,Judy Baker,Verified,Low
U1026,Justin Baker,Verified,Medium
U1027,Stephanie Ross,Verified,Low
U1028,Zachary Hicks,Verified,Low
U1029,Anthony Rodriguez,Verified,Low
U1030,Rebecca Henderson,Pending,Low
U1031,James Ferrell,Verified,Low
U1032,Tricia Valencia,Verified,Low
U1033,Nathan Maldonado,Verified,Low
U1034,Debra Davidson,Verified,Low
U1035,Jeffrey Chavez,Verified,Medium
U1036,Sherri Baker,Verified,Low
U1037,Cassandra Gaines,Verified,Low
U1038,Elizabeth Fowler,Pending,Low
U1039,Brittany Farmer,Verified,Low
U1040,Paula Moreno,Verified,Low
U1041,Fred Smith,Verified,Medium
U1042,Sherry Decker,Verified,Low
U1043,Anthony Humphrey,Pending,Low
U1044,Angelica Tucker,Verified,Low
U1045,Philip Cannon,Verified,Low
U1046,John Pierce,Verified,Low
U1047,Shane Henderson,Verified,Low
U1048,Joshua Blair,Pending,Low
U1049,Eric Carney,Pending,Medium
U1050,Jessica Holmes,Verified,Low
U1051,Danny Morgan,Verified,Low
U1052,Crystal Robinson,Verified,Low
U1053,Mark Perez,Verified,Low
U1054,Shannon Jones,Verified,High
U1055,Michael Lewis,Verified,Low
U1056,Timothy Duncan,Verified,Low
U1057,Richard Aguirre,Pending,Medium
U1058,Brent Jordan,Verified,Low
U1059,John Daniel,Verified,Low
U1060,Victoria Garcia,Verified,Low
U1061,Gerald Hensley,Verified,Low
U1062,Connor West,Verified,Low
U1063,Donald Wright,Verified,Medium
U1064,Jessica Callahan,Verified,Medium
U1065,Amber Kidd,Verified,Low
U1066,Tracy House,Verified,Medium
U1067,Carol Tucker,Verified,Low
U1068,James Brown,Verified,Low
U1069,William Baker,Verified,Low
U1070,Jordan Henderson,Verified,Low
U1071,Whitney Peters,Verified,Medium
U1072,Brittney Phillips,Verified,Low
U1073,Lauren Daniels,Verified,Low
U1074,Amy Silva,Verified,Low
U1075,Sarah Moore,Pending,Low
U1076,Angela Lopez,Verified,Low
U1077,Megan Young,Verified,Low
U1078,Steve Sanchez,Verified,Low
U1079,Lisa Barnes,Verified,Low
U1080,Kelly Donovan,Verified,Low
U1081,Mike Allen,Verified,Medium
U1082,Michael Evans,Verified,Low
U1083,Paul Jones,Verified,Low
U1084,Zachary Ferrell,Verified,Low
U1085,Daniel Baker,Pending,Low
U1086,Shirley Suarez,Verified,Low
U1087,Christopher Bass,Verified,Low
U1088,Lisa Archer,Verified,Low
U1089,Aimee Montoya,Verified,Low
U1090,Matthew Mcmillan,Verified,Low
U1091,Brian Rodriguez,Pending,Low
U1092,Denise Jacobs,Verified,Low
U1093,Christina Walters,Verified,Low
U1094,John Whitehead,Verified,Low
U1095,Anna Henderson,Verified,Low
U1096,Aaron Wise,Verified,Medium
U1097,Deborah Figueroa,Verified,Medium
U1098,Jessica Smith,Verified,Low
U1099,Stephen Mckee,Pending,Medium
U1100,Sandra Aguilar,Pending,Medium
U1101,Cameron Parker,Verified,Low
U1102,Rebecca Valencia,Verified,Low
U1103,Christine Wright,Verified,Low
U1104,Richard Henson,Verified,High
U1105,Marc Moore,Verified,Low
U1106,Sharon Cherry,Verified,Low
U1107,Sierra Johnson,Pending,High
U1108,Evelyn Galvan,Verified,Low
U1109,Sharon Cochran,Verified,Low
U1110,Richard Rodriguez,Pending,Low
U1111,Shannon Walker,Verified,Low
U1112,Julia Torres,Verified,Low
U1113,Crystal Johnson,Verified,Medium
U1114,Garrett Lin,Verified,High
U1115,Diana May,Verified,Low
U1116,William Herrera,Verified,Low
U1117,Ashley Waller,Verified,Low
U1118,Victor Baker,Verified,Low
U1119,Jeffrey Chandler,Verified,Low
U1120,Larry Dixon,Verified,Low
U1121,Kenneth Scott,Verified,Medium
U1122,April Frost,Verified,Low
U1123,Michelle Harmon,Verified,Low
U1124,Helen Jones,Verified,Low
U1125,Erin Edwards,Verified,Low
U1126,Michelle Evans,Verified,Low
U1127,Jason Powell,Pending,High
U1128,Cameron Fisher,Verified,Low
U1129,Megan Orr,Verified,Medium
U1130,Elizabeth Kelley,Verified,Medium
U1131,Dustin Jordan,Verified,Low
U1132,Mary Marshall,Verified,Low
U1133,Daniel Kennedy,Verified,High
U1134,Rebecca Jackson,Verified,Low
U1135,Jose Schultz,Verified,Low
U1136,Robert Potter,Verified,Medium
U1137,Courtney Gonzalez,Verified,Low
U1138,David Alvarez,Verified,Low
U1139,Angel Perry,Verified,Low
U1140,Cheyenne Horton,Verified,Low
U1141,David Douglas Jr.,Verified,Low
U1142,Patricia Rodriguez,Verified,Medium
U1143,Christopher Rubio,Verified,Low
U1144,Amber Wright,Verified,Low
U1145,Joyce Solis,Verified,Low
U1146,Victoria Larson,Verified,Low
U1147,Stephanie Salazar,Verified,Low
U1148,Kathy Rivas,Verified,Low
U1149,Stephanie Manning,Verified,Medium
U1150,David Wright,Pending,Low
U1151,Pamela Boyd,Verified,Low
U1152,Denise Jones,Verified,Low
U1153,Devon Flores,Verified,Medium
U1154,Brenda Hall,Verified,Medium
U1155,Michelle Brown,Verified,Low
U1156,Joshua Perry,Verified,Low
U1157,Jason Stein,Verified,Medium
U1158,Melissa Gates,Verified,Low
U1159,Jamie Smith,Verified,Medium
U1160,Paul Castaneda,Verified,High
U1161,Jennifer Adkins,Verified,Medium
U1162,Lindsey Walker,Verified,Low
U1163,Jeffrey Johnson,Verified,Medium
U1164,Michael Powell,Verified,Medium
U1165,John Anderson,Verified,Low
U1166,Alyssa Long,Verified,Low
U1167,Alyssa Day,Verified,Medium
U1168,Joel Williams,Verified,Medium
U1169,Daniel Murphy,Verified,Low
U1170,Jamie Walton,Verified,Low
U1171,Darlene Miller,Verified,Low
U1172,Joshua Cooke,Verified,Medium
U1173,Matthew Harrington,Pending,Low
U1174,Nicole Herring,Verified,Low
U1175,Alex Hernandez,Pending,Low
U1176,Michael Elliott,Pending,Low
U1177,Michael Wang,Pending,Low
U1178,Lawrence Adkins,Pending,Low
U1179,Robert Oconnell,Verified,Low
U1180,Alexander Collins,Verified,Low
U1181,Tina Sanders,Verified,Low
U1182,Angela Vaughn,Verified,Low
U1183,Ashley Barton,Verified,Low
U1184,Lindsay Martinez,Verified,Medium
U1185,Dr. Hannah Patterson,Verified,Low
U1186,Jonathan Peterson,Verified,Low
U1187,Samantha Garcia,Verified,Low
U1188,Madison Poole,Verified,Low
U1189,Jessica Gross,Verified,Medium
U1190,Debra Morton,Verified,Low
U1191,Karen Graham,Verified,Low
U1192,Debra Christian,Verified,Low
U1193,Angelica Keith,Verified,Low
U1194,John Bishop,Pending,Low
U1195,Allen Rosales,Pending,Low
U1196,Daniel Salinas,Verified,Low
U1197,Spencer Haynes,Verified,Low
U1198,Adam Vaughan,Verified,Low
U1199,Nathan Freeman,Verified,Low
